date,region,true_baseline,true_revenue,contrib_tv,adstock_tv,saturated_tv,contrib_paid_search,adstock_paid_search,saturated_paid_search,contrib_social,adstock_social,saturated_social,contrib_display,adstock_display,saturated_display
2021-01-04,canada,660532.0782331241,878986.5072183812,7565.455558813592,110818.38937077222,0.023642048621292475,112488.04165027122,96334.6717032829,0.4326463140395047,39549.16752947646,83066.0116160883,0.1977458376473823,58851.764246695806,30157.443315949582,0.7356470530836976
2021-01-11,canada,625065.5304005728,892756.530001089,54350.78715579123,260219.80096582446,0.1698462098618476,114674.14832548471,98554.91805297876,0.44105441663647965,41367.73529671801,87060.08091700781,0.20683867648359006,57298.328822522235,29191.793703394746,0.7162291102815279
2021-01-18,canada,677048.783463996,965677.5154786666,60220.17526200739,273549.582731608,0.1881880476937731,119723.79229457522,103847.05121426132,0.4604761242099047,50625.904442990155,108311.64138519939,0.2531295222149508,58058.86001509788,29655.312920521705,0.7257357501887235
2021-01-25,canada,683669.4614532727,964854.3724705648,53789.058085155564,258921.80938806408,0.16809080651611114,108016.86866483293,91916.61032982449,0.41544949486474203,49720.07197619486,106158.03161634665,0.2486003598809743,69658.9122911087,40492.03106997533,0.8707364036388588
2021-02-01,canada,603240.3680549634,871018.9176563884,52043.35888027724,254860.03333316286,0.1626354965008664,109727.77076655382,93588.34230666737,0.42202988756366855,50140.453316791536,107155.3230509393,0.25070226658395767,55866.96663780231,28362.67129351954,0.6983370829725288
2021-02-08,canada,621000.1630473196,869805.9402056502,54416.07799131342,260370.39453985498,0.17005024372285443,101607.81594572325,85847.06454619186,0.3907992920989356,53475.594040184194,115203.38912626484,0.26737797020092097,39306.28918110971,21193.90528699795,0.4913286147638713
2021-02-15,canada,659546.3610512306,1081733.733168068,174485.35094456788,527864.3354769604,0.5452667217017746,119600.63174390509,103715.12222160914,0.4600024297842503,58073.3399498949,126722.74347789973,0.2903666997494745,70028.04947846959,41057.89792744068,0.8753506184808698
2021-02-22,canada,644440.3982155415,1019568.9787050507,147702.9043285077,461557.53966907645,0.46157157602658655,98853.8896523603,83325.73635480879,0.38020726789369347,53852.57053228412,116128.79765609461,0.2692628526614206,74719.215976357,51857.39609508113,0.9339901997044625
2021-03-01,canada,648944.6922764626,1057948.4559539333,167541.9972813398,509765.9266443288,0.5235687415041869,116776.68460970551,100729.84114316691,0.4491410946527135,61796.413754145586,136446.9550333016,0.3089820687707279,62888.668032279835,33087.371343335486,0.7861083504034979
2021-03-08,canada,620475.5238282954,967040.35382937,140516.09350038413,445104.14636588795,0.43911279218870036,108992.78223662387,92867.38686707143,0.4192030086023995,51351.41577459885,110049.20742478906,0.25675707887299426,45704.53848946776,23594.29279518299,0.5713067311183471
2021-03-15,canada,662856.2265444284,1063072.6092492626,166069.40851403077,506019.5530021049,0.5189669016063462,123410.2864573145,107866.21695390731,0.4746549479127481,53204.93356733983,114540.98667219943,0.26602466783669915,57531.75416614907,29332.261990906194,0.7191469270768633
2021-03-22,canada,652975.920629875,1075375.2740562577,166454.11785134356,506995.33843303693,0.5201691182854487,121248.94056577742,105493.15959014706,0.46634207909914394,75597.0036305112,176193.0065257352,0.377985018152556,59099.29137875034,30318.41500066986,0.7387411422343793
2021-03-29,canada,750023.6137569292,1331424.258483464,222566.8244755452,683097.7380769685,0.6955213264860788,184150.90424565246,208486.93056793467,0.7082727086371249,98168.0971694521,258820.88045979515,0.4908404858472605,76514.81883588484,60035.22432662542,0.9564352354485606
2021-04-05,canada,739215.2537951049,1366718.6652447397,252981.9655256406,835104.0093510414,0.7905686422676269,181163.7860538418,200983.44650693552,0.6967837925147761,117800.7270596732,360158.67307765025,0.589003635298366,75556.93281047922,55135.31819809254,0.9444616601309903
2021-04-12,canada,620210.9251026254,1121749.19692042,226252.34858045776,698287.8703767379,0.7070385893139305,115693.54774747272,99604.46250683529,0.44497518364412586,90924.09527495562,229290.30168645515,0.4546204763747781,68668.28021490843,39088.8464124406,0.8583535026863554
2021-04-19,canada,575062.2701405536,1044102.8231429462,215457.56281379252,655554.8991459399,0.6733048837931016,110600.36927244172,94449.84265713737,0.4253860356632374,76609.01809481531,179373.22305829375,0.3830450904740766,66373.60282134305,36344.401535345685,0.8296700352667882
2021-04-26,canada,602017.2985425077,1005839.6516759634,190212.74480821934,571984.7424795625,0.5944148275256854,97493.21454345743,82097.85251678896,0.3749739020902209,65273.15573083239,145879.50323835947,0.32636577865416194,50843.23805094663,25806.59518104484,0.6355404756368329
2021-05-03,canada,558306.7680414706,940987.7751179144,156163.8457889666,481559.2380597688,0.48801201809052064,101999.10119081897,86209.35483966074,0.3923042353493037,59024.722992147006,129172.39624185182,0.295123614960735,65493.33710451124,35435.82970684489,0.8186667138063906
2021-05-10,canada,604405.9686480189,982517.5385938413,125626.52170553441,412248.56252866506,0.39258288032979505,127037.67255067934,111960.75454658731,0.48860643288722827,52508.895576766634,112845.20127093361,0.26254447788383317,72938.4801128419,46693.050382434274,0.9117310014105238
2021-05-17,canada,574509.9331667532,949097.7355404807,130394.13878586826,422614.06155145285,0.4074816837058383,121310.25446177792,105559.82098588155,0.46657790177606895,57416.221572601164,125044.4124709111,0.28708110786300584,65467.18755348021,35409.84922287345,0.8183398444185026
2021-05-24,canada,568472.3042620611,972319.3238885838,187084.40868973988,562815.5467911132,0.5846387771554371,105228.79145468962,89239.982400987,0.40472612097957544,51469.74906701187,110333.69486856839,0.25734874533505936,60064.070415081296,30966.502868288833,0.7508008801885162
2021-05-31,canada,554095.8679879868,949019.1705674629,177054.41424587028,534756.192574562,0.5532950445183447,98382.33617100735,82898.89486635296,0.3783936006577206,58914.29054894873,128886.83830339843,0.29457145274474367,60572.2616136498,31322.031354541898,0.7571532701706225
2021-06-07,canada,608736.6095957152,1011587.8873794596,162759.27422638336,497706.94431240956,0.508622731957448,108886.25337354963,92763.24324194036,0.41879328220596007,65412.676404565536,146265.5394043893,0.3270633820228277,65793.07377924595,35737.658092517355,0.8224134222405745
2021-06-14,canada,573333.1087848904,943321.7498082035,161263.06804719873,493996.86495274043,0.5039470876474961,97139.30148267793,81780.35513046134,0.3736126980102997,63043.60944025384,139790.0269926247,0.31521804720126917,48542.66205318269,24776.119065231804,0.6067832756647836
2021-06-21,canada,570537.5913731885,984209.5666833649,193567.7076473361,582064.8534121213,0.6048990863979253,100735.14041893117,85042.73632397185,0.3874428477651199,57762.11189142185,125926.46789588526,0.28881055945710926,61607.01535248726,32079.337646744025,0.7700876919060907
2021-06-28,canada,520197.9709661288,935968.2311211883,183630.69193127955,552933.4605374789,0.5738459122852486,112839.84916170064,96689.21891582193,0.43399941985269475,60388.81541502555,132726.4455783146,0.30194407707512777,58910.903647053725,30195.71448148265,0.7363862955881716
2021-07-05,canada,611604.6571954938,1027608.7982750388,162470.4927995391,496988.62836700724,0.5077202899985597,125186.71567653617,109853.41808316218,0.4814873679866776,56519.65109052228,122772.12005592189,0.2825982554526114,71827.28151294739,44245.96815178354,0.8978410189118424
2021-07-12,canada,615727.6432624228,1050489.917117573,186906.51633181574,562300.5113867146,0.5840828635369242,121204.61085251233,105444.98723214699,0.46617158020197047,63694.95192972406,141553.7710389695,0.3184747596486203,62956.19474109813,33142.86450115779,0.7869524342637266
2021-07-19,canada,626583.1009263967,1020998.9874760279,183411.61331950812,552314.748835474,0.5731612916234629,89580.52615311061,75172.58116761649,0.34454048520427155,50093.116715579985,107042.83786110028,0.25046558357789994,71330.63036143257,43284.152604868585,0.8916328795179072
2021-07-26,canada,637025.582415833,1071250.408515653,215120.2494969951,654300.5378949497,0.6722507796781096,111096.83523761398,94942.72875982214,0.42729552014466915,51894.21620145145,111356.69435667002,0.25947108100725724,56113.52516375948,28501.730955323557,0.7014190645469934
2021-08-02,canada,694935.1627115753,1116928.8468137842,200821.16317581348,604819.1767417701,0.6275661349244172,112391.03929105103,96237.09684414652,0.43227322804250395,43587.89503185136,92011.08706346425,0.2179394751592568,65193.58660349303,35141.29325815399,0.8149198325436628
2021-08-09,canada,633346.0968457606,1022962.456063268,166147.69021727575,506217.9413608577,0.5192115319289867,116692.31146782573,100641.79430706272,0.4488165825685605,42231.58976797109,88976.44152559667,0.21115794883985545,64544.76776443482,34527.19053904212,0.8068095970554353
2021-08-16,canada,639599.3064068952,1022352.9385116019,132969.5886490535,428269.8061367803,0.4155299645282922,131916.49540604817,117706.50701110862,0.5073711361771084,62209.68610343603,137549.80607007252,0.3110484305171802,55657.861946169,28245.89487332625,0.6957232743271126
2021-08-23,canada,805178.008047126,1414001.2486214559,285264.21029323403,1139644.6675308447,0.8914506571663564,141875.22371315674,130408.80352074475,0.5456739373582952,104588.62758355775,288069.63550901355,0.5229431379177888,77095.17898438133,63954.143454106874,0.9636897373047667
2021-08-30,canada,888012.3035477187,1537122.8203596296,306403.43296789064,1706582.0048238384,0.9575107280246582,160931.14890446016,159489.41325100133,0.6189659573248468,103129.31679131341,281137.44715259626,0.515646583956567,78646.61814824668,83046.11243737736,0.9830827268530835
2021-09-06,canada,842998.0657796024,1497532.5938812913,303637.3660121099,1579000.3205828778,0.9488667687878435,177056.5452403455,191344.7042581274,0.6809867124628673,96437.27305498175,251455.85475276853,0.4821863652749087,77403.34379425191,66478.49241876695,0.9675417974281489
2021-09-13,canada,678124.9756048005,1209242.677153916,292695.20217143866,1267803.8716922964,0.9146725067857459,115020.55051851516,98910.53111251946,0.4423867327635198,65532.720609641015,146598.16428921474,0.3276636030482051,57869.22824952064,29538.13807371627,0.723365353119008
2021-09-20,canada,661775.2028112117,1199600.7701483113,287947.4131376693,1181303.4071529396,0.8998356660552167,130330.74327269537,115807.43355658231,0.5012720895103668,58341.71989212967,127411.39418610733,0.29170859946064837,61205.691034605086,31780.048347242846,0.7650711379325635
2021-09-27,canada,665085.9970994681,1186531.4944534504,267561.97036711546,942090.5050268352,0.8361311573972358,120395.70099092103,104569.41098733769,0.46306038842661934,78869.54278752278,186626.7332949035,0.39434771393761386,54618.28320842299,27680.3614013476,0.6827285401052874
2021-10-04,canada,708266.5980590916,1203234.4499838967,241528.07928371616,769631.361559078,0.754775247761613,123947.44785342463,108463.54650262579,0.47672095328240244,71231.43989657564,162921.6445779628,0.3561571994828782,58260.88489108866,29781.356624058684,0.7282610611386082
2021-10-11,canada,711910.158438593,1174791.8881732624,232167.83291612394,724170.4480355191,0.7255244778628873,108661.2130866978,92543.53197970006,0.41792774264114535,61275.208496163104,135062.92352944694,0.3063760424808155,60777.47523568435,31468.55596379525,0.7597184404460544
2021-10-18,canada,706723.1226281369,1146166.3059102818,207229.65628646704,626158.4120023779,0.6475926758952095,121533.39730986937,105802.7455670672,0.4674361434994976,63414.94842724601,140794.04159520444,0.31707474213623005,47265.181258562654,24233.149864820494,0.5908147657320332
2021-10-25,canada,672877.2078817878,1087801.0379644753,190381.16972348388,572484.5565408939,0.5949411553858871,127023.94605739428,111944.98508625725,0.4885536386822857,52044.17629462342,111719.06130763036,0.2602208814731171,45474.538007185845,23502.226352304133,0.5684317250898231
2021-11-01,canada,697806.6529567125,1107015.6250350145,172894.27401299914,523650.8724695613,0.5402946062906223,118515.35436384552,102558.91290490472,0.4558282860147904,54125.536594280864,116800.93916731751,0.2706276829714043,63673.80710717636,33748.77682451597,0.7959225888397046
2021-11-08,canada,694370.9359005309,1097675.5682574366,170328.2276380067,516939.9645955259,0.5322757113687709,116824.9161791447,100780.20207649244,0.4493266006890181,57887.17527204919,126246.1434593662,0.289435876360246,58264.31326770498,29783.506532375657,0.7283039158463123
2021-11-15,canada,697206.4894505994,1113819.3332584202,202842.5397813528,611416.3596209118,0.6338829368167275,116976.9484792956,100939.08622462257,0.4499113403049831,58324.43923176875,127366.99670623851,0.29162219615884377,38468.91631540373,20899.9365980709,0.4808614539425466
2021-11-22,canada,957770.3541120754,1543017.7068955582,248080.0617104183,805523.9184237589,0.7752501928450571,155106.93462032493,149802.64969926095,0.5965651331550959,104242.99176931172,286411.7278413633,0.5212149588465586,77817.3646834278,70566.38222419034,0.9727170585428476
2021-11-29,canada,1217442.398584549,1858255.671757089,280440.8435189313,1074531.4105396322,0.8763776359966603,169016.6232085196,174411.36578996462,0.650063935417383,113460.79198669418,334416.7028532132,0.5673039599334709,77895.01445839494,71447.37117981476,0.9736876807299367
2021-12-06,canada,989598.9096402156,1621697.2193709554,264005.927348119,912788.3044404887,0.8250185229628718,171487.42698121775,179369.28727746863,0.6595670268508375,119984.16832112646,374010.590816375,0.5999208416056323,76620.78708027661,60684.310670259,0.9577598385034577
2021-12-13,canada,870506.56150791,1397337.016527899,244422.40748379924,785019.7876035798,0.7638200233868726,132462.42988691124,118367.62202515299,0.5094708841804279,91038.16327631696,229730.20941526035,0.4551908163815848,58907.45437296172,30193.47911251269,0.7363431796620216
2021-12-20,canada,914028.8118662023,1406312.7591216597,214942.14341178423,653640.0192801207,0.6716941981618257,129010.0399114217,114249.29705346198,0.49619246119777577,81390.67575807504,194972.66784521285,0.40695337879037524,66941.08817417639,36968.17390255124,0.8367636021772048
2021-12-27,canada,821637.109118258,1390423.343528257,216400.63558806258,659085.8605743286,0.6762519862126956,154826.15652003585,149355.39975531475,0.5954852173847532,120059.49586137272,374500.07514643384,0.6002974793068636,77499.94644052781,67351.9388540264,0.9687493305065977
2022-01-03,canada,660599.6370440413,1133703.54505247,185396.49687139544,557955.3969732323,0.5793640527231108,122205.29999559384,106537.26791666876,0.47002038459843787,90140.64687192073,226289.0692060593,0.4507032343596037,75361.46426951865,54302.79867927845,0.9420183033689832
2022-01-10,canada,694634.2913173023,1131363.3423219274,165391.6974907776,504305.58221339993,0.5168490546586799,132950.08453287793,118961.38954510618,0.5113464789726074,70570.98388147152,160974.09200402128,0.3528549194073576,67816.28509949811,37997.1329449852,0.8477035637437265
2022-01-17,canada,692265.715661217,1125330.9788454543,182211.79521389015,548942.9304883713,0.5694118600434067,109947.5106878653,93804.714874344,0.4228750411071742,75491.16153811601,175862.73394071707,0.37745580769058,65414.795744365896,35357.96246426004,0.8176849468045737
2022-01-24,canada,688845.0696435052,1068470.1218072004,147653.57595368914,461443.03528245736,0.46141742485527854,103939.42190340387,88021.330159303,0.39976700732078413,66734.2517224444,149952.05648508263,0.333671258612222,61297.80258415788,31848.097594785824,0.7662225323019735
2022-01-31,canada,699565.3703029236,1098967.3873479273,143109.82437649157,450990.8312280272,0.44721820117653616,114572.79625149432,98451.07049395594,0.4406646009672858,74668.0711348558,173309.17550962785,0.373340355674279,67051.32528216219,37093.12480079488,0.8381415660270274
2022-02-07,canada,748719.5459540277,1132501.3154362487,127949.36269211808,417282.6887819641,0.399841758412869,124248.66251292857,108799.84424585121,0.47787947120357144,64915.40512322833,144892.36612365884,0.32457702561614166,66668.339153946,36664.39576460417,0.833354239424325
2022-02-14,canada,681123.5585231357,1061576.9019010079,119502.39648520383,399106.12222499057,0.373444989016262,116539.02377974297,100481.99894175652,0.448227014537473,74580.95643422274,173040.43649931162,0.3729047821711137,69830.96667870255,40752.619876710996,0.8728870834837819
2022-02-21,canada,729806.9847297233,1143832.680538314,154846.9469360396,478396.3247187672,0.4838967091751238,130590.2119421055,116116.03670390535,0.502270045931175,68707.40343491345,155559.53308819298,0.34353701717456725,59881.13349553195,30840.985009846147,0.7485141686941493
2022-02-28,canada,651694.77108134,1067269.7912570536,162668.98869305238,497482.2516856775,0.5083405896657887,127736.93909431896,112766.94822941381,0.49129591959353447,66905.87961745252,150434.82807757426,0.3345293980872626,58263.2127708898,29782.816379300657,0.7282901596361224
2022-03-07,canada,684383.972960754,1141374.4349691235,195619.8092658423,588363.9615079574,0.6113119039557572,127059.2745630293,111985.57601519993,0.4886895175501127,76659.43240582471,179532.71390158575,0.38329716202912356,57651.94577367304,29405.20129318823,0.720649322170913
2022-03-14,canada,692190.1690712093,1126722.5338806598,177522.86730161813,536025.0343566699,0.5547589603175567,123654.6353607648,108137.55661223878,0.47559475138755697,66782.5188037892,150087.73244952812,0.33391259401894596,66572.34334327838,36559.25001022911,0.8321542917909798
2022-03-21,canada,697011.9717159243,1122895.8399729768,152314.89304694478,472368.109049836,0.4759840407717025,144216.790571121,133611.3540550611,0.5546799637350808,58443.63178835158,127673.38376489804,0.2922181589417579,70908.55285063507,42519.479576268,0.8863569106329383
2022-03-28,canada,827369.0984594153,1376913.8116536057,212894.7940536007,646134.9050288657,0.6652962314175022,167976.52201869804,172383.81902574148,0.6460635462257617,92343.85537095446,234819.88174862397,0.4617192768547723,76329.54175093725,58959.916700317255,0.9541192718867155
2022-04-04,canada,786676.2225855978,1385492.3766872268,257054.38364645897,861797.4961964359,0.8032949488951843,152561.9079246768,145810.37249293763,0.5867765689410647,112408.71968866662,328505.8852354777,0.5620435984433331,76791.14284182679,61785.46521590941,0.9598892855228348
2022-04-11,canada,646756.3614966118,1178934.5403694366,239653.34212834493,760024.6670261415,0.7489166941510779,141521.2312150207,129932.33624447547,0.5443124277500796,82791.23980756255,199731.92012727936,0.4139561990378128,68212.36572189652,38492.68673853718,0.8526545715237065
2022-04-18,canada,635576.6089066763,1097337.5594094761,207426.77365040383,626835.0870031137,0.648208667657512,116096.93352478102,100022.33841266346,0.44652666740300395,76865.40201427248,180185.38155917882,0.3843270100713624,61371.84131334256,31903.070277675874,0.767148016416782
2022-04-25,canada,665115.601263398,1108301.9829214327,192406.55293940354,578546.1579182445,0.601270477935636,116725.1321014621,100676.03623627167,0.44894281577485423,66246.1630359751,148584.19479969062,0.3312308151798755,67808.5335811941,37987.63072661809,0.8476066697649263
2022-05-02,canada,629198.9597679973,1061592.264050589,182895.91272592085,550862.054687898,0.5715497272685026,131194.03409391514,116837.4155899562,0.5045924388227505,73613.21588213003,170074.41591271703,0.3680660794106501,44690.14158062566,23191.988686605568,0.5586267697578208
2022-05-09,canada,593490.1431579534,1054435.5863912834,251367.7755794273,825076.1420305779,0.7855242986857104,101677.0586982077,85911.10139077791,0.3910656103777219,55108.550405037946,119236.00235112885,0.27554275202518974,52792.05855065716,26741.784001691874,0.6599007318832145
2022-05-16,canada,593575.8166822707,1064426.0252797208,263448.29686725733,908408.7336379813,0.8232759277101791,98680.99761620766,83169.07524818878,0.3795422985238756,54479.45518801587,117675.01216281836,0.27239727594007934,54241.458925969244,27481.2261410044,0.6780182365746156
2022-05-23,canada,597303.7864332835,1017172.0527300222,236783.13603561837,745825.4306044258,0.7399473001113074,94358.51695157425,79311.81116839053,0.36291737289067016,48902.242568619564,104228.42601574375,0.24451121284309782,39824.37074092656,21377.72489368957,0.497804634261582
2022-05-30,canada,636482.3960648025,1054768.4745407752,213254.8796508036,647443.3833025846,0.6664214989087612,102503.70675902504,86678.09529177831,0.39424502599625016,51609.815384811605,110670.82752585504,0.25804907692405804,50917.67668133243,25841.193372597325,0.6364709585166554
2022-06-06,canada,627893.3727228182,1035840.0927025095,175922.9858390882,531707.2394832337,0.5497593307471506,118585.446885999,102633.24558385301,0.4560978726384577,60667.44221517994,133458.56316900742,0.30333721107589967,52770.84503942426,26731.256146725696,0.6596355629928032
2022-06-13,canada,646393.5241967145,1042348.5897208769,152717.35085523644,473321.6961361278,0.4772417214226139,122625.83753752318,106999.35411077799,0.4716378366827815,61428.96189427097,135470.41774270858,0.30714480947135486,59182.915237131696,30373.270188964827,0.7397864404641462
2022-06-20,canada,619967.6962963324,1024948.3545312625,154556.51171089782,477701.3514670569,0.4829890990965557,120608.65478852302,104799.28338675274,0.4638794414943193,61331.75445016303,135212.71133747813,0.30665877225081517,68483.73728534627,38844.06766875223,0.8560467160668285
2022-06-27,canada,578956.8217299472,989543.7308204852,185588.37875233672,558504.9180380404,0.5799636836010522,101512.00055425096,85758.50582148993,0.3904307713625037,62039.111962505885,137094.02950618477,0.31019555981252944,61447.4178214443,31959.440193128183,0.7680927227680537
2022-07-04,canada,663616.5310310854,1029103.6545987751,158802.87641513403,487957.33310550376,0.49625898879729385,88019.6279102232,73846.56513037141,0.33853703042393535,65108.753291229725,145425.38574442265,0.32554376645614863,53555.86595110278,27126.388102801022,0.6694483243887848
2022-07-11,canada,646233.5063480618,1014173.3696746188,137333.18413552488,437953.2472251851,0.4291662004235153,111836.1742383999,95680.46615056135,0.4301391316861534,58365.81216254353,127473.30497280811,0.29182906081271764,60404.692790088666,31203.665007513115,0.7550586598761083
2022-07-18,canada,677216.2944533166,1024335.7619686192,100971.23250973785,360130.5942622163,0.3155351015929308,110127.28835365998,93982.02331749442,0.42356649366792304,67776.3178004577,152897.76999264647,0.33888158900228854,68244.62885144708,38533.94287949008,0.8530578606430885
2022-07-25,canada,655828.667981746,1006916.8120070293,103030.79473385875,364425.70197304303,0.3219712335433086,120745.96728216349,104947.74372916788,0.4644075664698596,71451.10058506108,163572.77268021635,0.3572555029253054,55860.28142419997,28358.921552479907,0.6982535178024997
2022-08-01,canada,674203.5221833803,1011383.2595419365,86910.2456357995,330826.68689347536,0.2715945176118734,125689.95549360164,110422.5883822703,0.48342290574462166,71016.86230542629,162287.22501929477,0.35508431152713144,53562.67392372871,27129.86585194921,0.6695334240466089
2022-08-08,canada,683437.0562725767,1024872.5364873477,84229.66592750537,325215.9117984497,0.2632177060234543,120190.61692323386,104348.45746450512,0.46227160355089947,72221.8829054917,165871.13541922643,0.36110941452745854,64793.31445854013,34758.7873166038,0.8099164307317517
2022-08-15,canada,669858.592744405,1003833.1448625422,75877.57782268038,307598.1603540237,0.2371174306958762,126432.1540795359,111267.14558664164,0.4862775156905227,70885.48729264113,161899.59881810483,0.3544274364632057,60779.33292327975,31469.890371990477,0.7597416615409969
2022-08-22,canada,903348.8739000628,1461038.7908217637,180478.244923049,544119.8750931886,0.5639945153845282,172287.5796717418,181019.399593585,0.662644537199007,127128.69280533165,424293.5206260385,0.6356434640266583,77795.39952157847,70324.62285591211,0.9724424940197308
2022-08-29,canada,921841.6141899285,1481398.52928593,176638.22587439415,533632.1038480534,0.5519944558574817,181767.58334838986,202464.8618683324,0.6991060898014995,123579.67609660965,398298.8300732444,0.6178983804830482,77571.429776608,68027.28146876745,0.9696428722076
2022-09-05,canada,871016.6769077926,1422505.30313059,181706.38286851975,547530.9045381254,0.5678324464641242,171200.12308989765,178782.22696213945,0.6584620118842217,120303.8461615097,376093.36627354275,0.6015192308075485,78278.27410287004,76522.96967729802,0.9784784262858754
2022-09-12,canada,744176.4108685025,1266407.0322673842,236275.93424435964,743376.9486733354,0.7383622945136239,129294.5615861556,114583.19732446446,0.49728677533136767,92936.6196310046,237164.02684878433,0.46468309815502307,63723.50593736202,33791.878754508376,0.7965438242170252
2022-09-19,canada,747202.457095001,1206957.1906002492,201906.31443981957,608346.0720612694,0.6309572326244361,122084.83475309807,106405.23629977561,0.4695570567426849,73675.40387493525,170263.95648387482,0.36837701937467626,62088.18043739537,32448.090755002828,0.7761022554674422
2022-09-26,canada,756202.2541900609,1175262.957937084,168683.0141648553,512690.0473959016,0.5271344192651728,127981.16872322418,113049.85132069563,0.492235264320093,62025.09185222036,137056.6042405428,0.3101254592611018,60371.42900672313,31180.30291091485,0.7546428625840391
2022-10-03,canada,736692.4064337361,1180883.0980670585,218695.068079088,667828.23783784,0.68342208774715,115276.83544537562,99174.31293699172,0.44337244402067544,58544.00676952623,127931.68604442757,0.2927200338476312,51674.781339332476,26197.98351519084,0.645934766741656
2022-10-10,canada,728646.6889076603,1236275.1431481587,274817.73337814317,1010676.375266434,0.8588054168066973,123305.07761806149,107749.58072737532,0.47425029853100575,62789.775845590055,139106.02190985397,0.3139488792279503,46715.867398703536,24005.373278582203,0.5839483424837942
2022-10-17,canada,738682.6932102123,1236714.1756553631,249217.88251338695,812163.8948401446,0.7788058828543343,115837.60592604302,99753.52736209967,0.4455292535617039,67844.80723499336,153092.60005110144,0.3392240361749668,65131.186770727545,35080.865604919585,0.8141398346340943
2022-10-24,canada,693666.1155350464,1162673.5288264256,225075.91385169214,693365.8652619729,0.7033622307865379,116069.01680177813,99993.37165173807,0.4464192953914543,67972.05818349795,153454.99220312564,0.33986029091748976,59890.42445441095,30847.329186390984,0.7486303056801369
2022-10-31,canada,700186.986682998,1155765.196448987,212442.57373056724,644498.4533472393,0.6638830429080226,127377.37638929454,112351.7029832614,0.4899129861126713,62455.51406575394,138208.11732546042,0.3122775703287697,53302.74558037301,26997.718551076025,0.6662843197546626
2022-11-07,canada,703468.1440986672,1172469.5923961573,237703.53218728953,750314.2492722381,0.7428235380852798,98500.70456048398,83005.9083991212,0.37884886369416915,72724.69499618259,167381.9733684233,0.3636234749809129,60072.51655353396,30972.328864106097,0.7509064569191746
2022-11-14,canada,712560.2975693455,1162605.4698044853,206211.48585983424,622683.2571203926,0.644410893311982,99454.54924254947,83871.4793231009,0.3825174970867287,75749.40931822089,176669.34782270793,0.3787470465911044,68629.72781453517,39037.30946375089,0.8578715976816897
2022-11-21,canada,1011254.0266777824,1575448.3342998708,238742.3736086217,755453.2058432733,0.7460699175269428,149511.99961579416,141200.80116611134,0.5750461523684391,105110.83047298604,290593.72595136217,0.5255541523649302,70829.10392468654,42380.49883195821,0.8853637990585818
2022-11-28,canada,1272278.3096687763,1884116.9961535158,280299.8958062282,1072788.0675432456,0.8759371743944632,147222.70889501402,137857.9980097756,0.5662411880577463,110470.93288759,317929.27321105456,0.55235466443795,73845.14889590724,49083.35180535544,0.9230643611988406
2022-12-05,canada,1029160.7783610995,1684280.2593569588,290410.5989254391,1223860.5432341734,0.9075331216419973,165787.46365575047,168225.51423537536,0.6376440909836557,123330.70061351452,396553.66557516414,0.6166535030675726,75590.71780115513,55284.01767621093,0.9448839725144391
2022-12-12,canada,966742.7399002309,1551242.1556083874,273952.5283117506,1001772.7818190447,0.8561016509742208,138113.6010607175,125444.22473933436,0.5312061579258366,100216.27174393927,267809.4997082988,0.5010813587196964,72217.01459174919,45053.704954486784,0.9027126823968649
2022-12-19,canada,960178.0775131629,1477372.8614586892,254861.59846417286,847165.654889838,0.7964424952005402,119655.6153262225,103774.00212135888,0.46021390510085575,76824.05197805306,180054.21624530302,0.3841202598902653,65853.51817707795,35799.44147217769,0.8231689772134743
2022-12-26,canada,881421.4747118573,1484458.465157458,245392.71639366992,790339.3299646301,0.7668522387302185,172587.10100397663,181642.89302745278,0.663796542322987,107068.76721733809,300269.6713385371,0.5353438360866904,77988.40583061625,72565.35050336712,0.974855072882703
2023-01-02,canada,724658.7049597234,1243966.3537264836,222603.36834301476,683245.1160863056,0.6956355260719211,143932.58526545914,133217.84789164356,0.553586866405612,90320.09361662014,226973.4045274955,0.4516004680831007,62451.601541666125,32734.177779500853,0.7806450192708265
2023-01-09,canada,747232.8337550131,1213405.9827680653,199800.1129956947,601531.1007388593,0.624375353111546,139433.4168791738,127161.74572730908,0.5362823726122069,73930.8196484625,171043.946538572,0.3696540982423125,53008.79948972108,26849.816882324063,0.6626099936215135
2023-01-16,canada,728235.532443919,1176721.66282089,188982.95774384946,568354.5730588696,0.5905717429495295,122654.70546260763,107031.14120219891,0.4717488671638755,72837.10869244323,167721.00986204,0.36418554346221615,64011.3584780708,34044.57356031083,0.800141980975885
2023-01-23,canada,746640.723269103,1171227.3859760556,164584.32267227082,502271.8908709586,0.5143260083508463,135818.62718244115,122517.59318494091,0.5223793353170814,61557.57621125659,135811.792035713,0.30778788105628296,62626.136640983925,32873.994558444705,0.782826708012299
2023-01-30,canada,780197.9811860778,1215035.5338601314,167791.02238535674,510402.50710075564,0.5243469449542398,123771.45569473306,108267.50417601678,0.4760440603643579,77657.27609737986,182710.66079929014,0.3882863804868993,65617.79849658402,35560.2523710281,0.8202224812073002
2023-02-06,canada,707896.2173900788,1150234.2799199363,187097.00246349166,562852.033816109,0.5846781326984114,110740.62649805447,94588.88613214139,0.4259254865309787,83310.36164405342,201519.07152334816,0.4165518082202671,61190.071924257994,31768.54675877197,0.764875899053225
2023-02-13,canada,766930.6917818306,1192929.71964184,176960.1229879505,534501.2580632693,0.5530003843373453,110788.43899310559,94636.32122089194,0.4261093807427138,74539.63510088997,172913.06620332482,0.37269817550444984,63710.83077806341,33780.87154145525,0.7963853847257927
2023-02-20,canada,758751.7876664656,1171711.5366148395,173802.24430226552,526050.3188238186,0.5431320134445797,101001.58264988437,85287.77576904229,0.38846762557647835,74897.36220418094,174017.90201684047,0.3744868110209047,63258.5597920431,33394.49654087247,0.7907319974005388
2023-02-27,canada,731578.9259270723,1126264.8240086264,163979.4305388613,500753.9969422508,0.5124357204339416,105667.49837510599,89657.34831313521,0.4064134552888692,58004.490663600904,126546.37871703776,0.2900224533180045,67034.47850398596,37073.946672664184,0.8379309812998245
2023-03-06,canada,702671.1338774789,1094755.474164504,154984.67631324314,478726.21755650034,0.4843271134788848,112769.82203395675,96618.56333393793,0.4337300847459875,56664.062659094685,123136.76236644108,0.2833203132954734,67665.77928073068,37813.934103270294,0.8458222410091336
2023-03-13,canada,739052.7094642575,1112615.027433203,133033.10689714967,428409.83011531306,0.4157284590535927,128008.79153305592,113081.89173268485,0.49234150589636894,62295.041924635996,137778.18825266114,0.31147520962318,50225.37761410397,25522.60828990224,0.6278172201762996
2023-03-20,canada,715171.950584078,1096094.672952497,140061.25681362738,444077.4831421004,0.43769142754258555,141802.3991071518,130310.62111188978,0.5453938427198146,59346.24079101487,130005.6141891396,0.29673120395507435,39712.825656625,21338.017458165345,0.49641032070781244
2023-03-27,canada,873249.6881431469,1435942.8189983228,212846.14935001524,645958.5106114034,0.6651442167187976,158089.0800880672,154662.12412416705,0.608034923415643,113686.20316580143,335699.09187665785,0.5684310158290071,78071.69825129208,73621.66179551286,0.9758962281411511
2023-04-03,canada,821884.3600746563,1522616.7025606898,302322.6966085731,1528281.3494393534,0.9447584269017909,180315.61115968242,198931.36298674162,0.6935215813833939,139396.48674225304,534222.5765917462,0.6969824337112651,78697.54797552485,84132.90684820566,0.9837193496940607
2023-04-10,canada,750770.4724765538,1348570.573448122,297966.8724296022,1391291.5638253035,0.9311464763425069,126348.78508227167,111171.97208278376,0.4859568657010449,108439.36250552122,307250.3163036938,0.5421968125276061,65045.080954173405,34997.971225324,0.8130635119271675
2023-04-17,canada,691220.5015320397,1238725.4582305807,287310.9556336507,1171012.1554983845,0.8978467363551584,127007.8893249589,111926.54129014631,0.4884918820190727,86072.35142148801,211246.4050242568,0.43036175710744007,47113.760318443135,24170.033697203122,0.5889220039805392
2023-04-24,canada,661834.3467947856,1191187.8080146126,268021.1092116356,946058.9866176555,0.8375659662863613,120209.3050193539,104368.57447408815,0.46234348084366883,80135.88340982857,190784.0579690125,0.40067941704914284,60987.1635790089,31620.1005738667,0.7623395447376112
2023-05-01,canada,688975.1986434592,1186279.757740518,240726.77341286567,765491.8340773098,0.7522711669152052,100109.47049927035,84469.15554984039,0.38503642499719365,88810.26106072725,221271.7201856663,0.44405130530363623,67658.0541241957,37804.60408877924,0.8457256765524461
2023-05-08,canada,684769.2673626246,1199598.0365477642,242122.33283312275,772734.2905686478,0.7566322901035086,128101.37127839129,113189.34210378272,0.49269758183996654,72417.78356167935,166458.6827331705,0.3620889178083967,72187.28151194609,44990.3021093798,0.9023410188993262
2023-05-15,canada,712765.1107811005,1195763.5567307773,226360.72868681076,698744.8846574428,0.7073772771462836,115325.82994771053,99224.80700063377,0.4435608844142713,74184.9151324552,171822.337551456,0.370924575662276,67126.97218270032,37179.61223180396,0.839087152283754
2023-05-22,canada,695831.5653269368,1174541.3109245682,216215.93182726257,658391.5053511981,0.6756747869601956,113473.53644911821,97330.48441350172,0.43643667865045466,88826.74026143792,221333.27120346832,0.4441337013071896,60193.53705981255,31056.109675486314,0.7524192132476569
2023-05-29,canada,681954.2848874833,1090390.3465665882,176518.82922966368,533310.1742100863,0.551621341342699,107109.06428941873,91038.73083082403,0.41195793957468746,70314.08704903084,160220.65303203487,0.35157043524515424,54494.081110991654,27614.394542405138,0.6811760138873957
2023-06-05,canada,714277.9330669901,1138739.4483430656,190144.68660850526,571782.9567495459,0.5942021456515789,110609.51951716463,94458.90887423482,0.42542122891217166,62678.18535318409,138805.90727829636,0.31339092676592045,61029.12379722146,31650.651497865696,0.7628640474652683
2023-06-12,canada,643174.568761777,1078472.2678725733,186554.36847202395,561282.941228888,0.5829824014750749,124133.73968870878,108671.42163103184,0.4774374603411876,65086.9281519973,145365.16160897835,0.3254346407599865,59522.66279806627,30598.656780643658,0.7440332849758283
2023-06-19,canada,663417.7274767625,1056032.452348826,154250.78447057234,476970.7844133175,0.4820337014705386,119547.18574771735,103657.91704587587,0.45979686826045135,65523.91077106774,146573.73846653276,0.3276195538553387,53292.84388270604,26992.710038071105,0.6661605485338254
2023-06-26,canada,593033.5840204444,1003875.5718193077,137049.33672335566,437319.2536646996,0.4282791772604865,124750.06696958501,109361.80995626537,0.4798079498830193,76668.36801303299,179560.9932564127,0.3833418400651649,72374.21609288965,45394.07788827378,0.9046777011611207
2023-07-03,canada,684585.3255116385,1101612.3063156991,141463.11108003277,447247.0814859345,0.44207222212510244,126228.63011774686,111034.941107165,0.4854947312221033,76677.43103303692,179589.67912256205,0.38338715516518457,72657.80857324398,46031.12645938648,0.9082226071655497
2023-07-10,canada,665747.997328652,1076266.6709626857,138965.7496459048,441611.3522374856,0.43426796764345255,137973.12508798885,125262.92388306955,0.5306658657230341,63366.70690837464,140663.38054792458,0.3168335345418732,70213.09199176563,41351.4049662906,0.8776636498970704
2023-07-17,canada,731610.8143125124,1112090.9949006978,128762.11755134247,419051.2032501622,0.4023816173479452,121192.36947111307,105431.68821124689,0.4661244979658195,73496.44268140262,169718.89656779426,0.36748221340701315,57029.250884327164,29031.7740508963,0.7128656360540896
2023-07-24,canada,717540.3588128466,1084172.5599655348,125389.64378697253,411736.82077772706,0.39184263683428916,104933.30609502857,88959.65484199858,0.40358963882703297,69412.03546367022,157592.9934045858,0.34706017731835115,66897.2158070169,36918.798389090305,0.8362151975877112
2023-07-31,canada,692586.453641128,1093133.4145355588,119269.10575611095,398608.8308078865,0.3727159554878467,131580.5565687188,117301.5706461498,0.5060790637258415,82970.54282586786,200347.76378406334,0.41485271412933933,66726.75574373307,36728.82600937875,0.8340844467966633
2023-08-07,canada,715089.5030307185,1099691.7333006016,125114.06038715575,411141.82841886266,0.39098143870986174,120068.91972158739,104217.53920219716,0.4618035373907207,73866.75075763413,170848.0628318642,0.3693337537881706,65552.49940350579,35494.8150116189,0.8194062425438223
2023-08-14,canada,761520.4905495036,1214481.0629001386,179011.9236570912,540083.9212686332,0.5594122614284099,134816.97099183616,121263.27033895507,0.5185268115070621,69425.77736564516,157632.81597586704,0.3471288868282258,69705.90033606239,40562.663357287034,0.8713237542007799
2023-08-21,canada,974931.1883391094,1506191.9823422083,157801.7199800009,485520.5467834407,0.49313037493750284,178823.59818270474,195400.89933442252,0.6877830699334797,116733.3839479793,353615.00238858955,0.5836669197398965,77902.09189241396,71529.79140468521,0.9737761486551744
2023-08-28,canada,1055113.3446829747,1659685.1868328494,215018.01655375844,653921.2483396949,0.6719313017304951,179789.44806932565,197674.963113837,0.691497877189714,131419.43467099042,458820.3376824282,0.6570971733549521,78344.94285580005,77558.9755500587,0.9793117856975005
2023-09-04,canada,1011534.9906316226,1664875.0091813174,255926.56368807075,854193.6883456192,0.799770511525221,184784.95765992106,210137.94318494957,0.710711375615081,134312.7049768191,484310.23433028645,0.6715635248840955,78315.79222488384,77099.33489303496,0.9789474028110481
2023-09-11,canada,791718.968550865,1363868.7384765728,240050.83762536466,762038.9000261682,0.7501588675792645,159082.44390930113,156326.84264746335,0.611855553497312,103059.9135528766,280812.1262923261,0.515299567764383,69956.57483816546,40946.32875454134,0.8744571854770682
2023-09-18,canada,756392.5168052702,1268315.8371429588,215470.32577360477,655602.4485932954,0.6733447680425149,153880.32155923717,147861.34192794428,0.5918473906124506,92722.29823869384,236314.01968762284,0.46361149119346917,49850.374766152716,25352.934954617394,0.623129684576909
2023-09-25,canada,727274.1752783462,1171519.889506401,175642.77453132847,530955.4993548505,0.5488836704104014,130439.39756248897,115936.56278286509,0.5016899906249576,77051.33593534531,180776.03127541143,0.38525667967672655,61112.20619889215,31711.36834348379,0.7639025774861519
2023-10-02,canada,796345.9209456274,1230092.2683872704,172177.43080222022,521765.79999439686,0.5380544712569382,126043.04592387374,110823.60856859281,0.48478094586105286,78026.05841803618,183895.48105376243,0.39013029209018085,57499.81229751281,29312.94823041889,0.7187476537189101
2023-10-09,canada,767136.6909762075,1236804.423052892,216129.4871432641,658067.0065735412,0.6754046473227003,136050.55976965517,122809.9945996489,0.5232713837294429,66995.87376978477,150688.34612732142,0.3349793688489238,50491.81139398048,25644.380133662275,0.6311476424247561
2023-10-16,canada,778684.7998305602,1219532.1944247358,178220.83692240334,537922.6689317997,0.5569401153825104,116148.51726439687,100075.8809210792,0.4467250664015264,75714.89059758502,176561.38037299647,0.37857445298792514,70763.14980979035,42266.26040071684,0.8845393726223794
2023-10-23,canada,773172.7693121966,1230217.4266336178,189316.45862319332,569335.6898414742,0.5916139331974791,125514.52873214908,110223.86204975106,0.4827481874313426,69963.96120475684,159197.44661378145,0.34981980602378415,72249.70876132205,45123.7756985783,0.9031213595165256
2023-10-30,canada,786163.9910911856,1213344.4799168867,168844.53383325489,513105.5092505226,0.5276391682289215,123179.51759799465,107610.53516346816,0.4737673753769025,64097.002272940816,142648.68873038614,0.3204850113647041,71059.43512151064,42787.640310015246,0.888242939018883
2023-11-06,canada,819751.1797066445,1246567.1381254941,157407.30853345108,484563.80122253136,0.4918978391670346,126768.4607074593,111651.86566334205,0.4875710027209973,77283.19573033854,181514.5366258376,0.38641597865169275,65356.99344760087,35300.97294543605,0.8169624180950109
2023-11-13,canada,794280.5686306567,1187360.7580477418,129761.93981167075,421232.02948891086,0.4055060619114711,114412.18206520328,98286.68584493568,0.44004685409693567,78754.94374053113,186253.8979611596,0.3937747187026557,70151.12379968018,41252.35284874676,0.8768890474960022
2023-11-20,canada,1062308.5728924428,1597904.4968612557,196326.8151976413,590558.6690624449,0.6135212974926291,154366.9394895214,148627.60884439427,0.5937189980366208,107805.87471269554,304002.06354375277,0.5390293735634777,77096.2945689548,63962.64117449667,0.9637036821119351
2023-11-27,canada,1355083.4181397352,2008348.9987154976,283731.54129738116,1117719.493726444,0.8866610665543161,155102.0265103456,149794.81678750567,0.5965462558090215,136702.71108008738,506897.98399301607,0.6835135554004369,77729.30168794801,69615.8048784262,0.9716162710993502
2023-12-04,canada,1062018.2074224805,1729346.1503964541,293903.1513048148,1293087.4253464555,0.9184473478275462,166026.26173438437,168672.15519645665,0.6385625451322476,131490.55490532293,459424.31050839776,0.6574527745266147,75907.97502945151,56756.52308730912,0.9488496878681439
2023-12-11,canada,978497.7261081679,1575200.8971295888,291134.98834138026,1237287.097670361,0.9097968385668133,129141.89518351443,114403.91578618156,0.49669959685967086,108424.28351387032,307172.55615181813,0.5421214175693516,68002.00398265597,38227.016588104554,0.8500250497831996
2023-12-18,canada,1032867.5572799698,1596830.6802612348,284256.34207786794,1125086.4273988288,0.8883010689933374,121402.74251696216,105660.44711360574,0.46693362506523906,94905.12776292187,245104.1558748547,0.47452563881460935,63398.91062351289,33513.09016495541,0.7924863827939111
2023-12-25,canada,967083.0763750155,1642179.3098730138,292511.0669719739,1264081.8215647375,0.9140970842874185,195319.34795707822,241125.8589676612,0.7512282613733777,113297.22304262566,333489.70392108976,0.5664861152131283,73968.5955263204,49443.48171384125,0.924607444079005
2021-01-04,united_states,452976.05776366807,578716.871730272,1505.142024282459,41082.580119370745,0.006544095757749822,62701.1186296441,66842.18546526002,0.3389249655656438,23134.332846680885,51069.73530583761,0.15954712308055782,38400.22046599647,19200.036360523336,0.6620727666551115
2021-01-11,united_states,454241.78309667914,614728.7833060764,14648.444999918524,104528.49459844167,0.06368889130399358,69510.3748708791,74385.20157628707,0.37573175605880593,26786.896942598134,59187.67178344463,0.18473722029378023,49541.283396001476,27658.511252318283,0.8541600585517496
2021-01-18,united_states,493365.1841531918,711508.5057789474,63414.66058094522,208160.56040229255,0.27571591556932706,64465.386665493286,68753.05177228927,0.34846154954320696,41389.326847399716,94933.71777934165,0.28544363343034285,48873.94753191741,26845.57391865413,0.8426542677916795
2021-01-25,united_states,476444.5186104095,758377.5547305755,102486.89550732369,280687.2580778075,0.44559519785792906,78602.88306186209,85274.89279297325,0.4248804489830383,50606.47264418494,121312.01293820326,0.3490101561667927,50236.78490679532,28593.54135147361,0.8661514639102641
2021-02-01,united_states,459340.9580967621,745056.3244128921,110768.44974933578,297431.6946039681,0.4816019554318947,84193.52789792269,92542.7283748992,0.4551001507995821,42818.785176027246,98795.38676850218,0.2953019667312224,47934.603492844406,25815.50496546912,0.8264586809111104
2021-02-08,united_states,463902.69480701117,767962.8985389082,133605.1366481909,349047.87319861,0.5808918984703952,76552.53180974557,82726.03302188418,0.413797469241868,44276.254648460796,102813.4125315628,0.3053534803342124,49626.280625499785,27767.640767671983,0.8556255280258583
2021-02-15,united_states,458778.06631472346,762832.6546897336,139091.98140757935,363125.9211365761,0.604747745250345,78874.20483557084,85616.63000126282,0.4263470531652478,40109.176072665075,91538.92382882799,0.2766150073976902,45979.22605919497,23996.668364860558,0.7927452768826718
2021-02-22,united_states,451883.3509031378,785095.1560154721,158756.78112101599,422058.63622124284,0.6902468744392,81594.37030338433,89103.09288799227,0.44105065028856394,38640.50292192617,87714.75980450267,0.2664862270477667,54220.15076600781,37282.350790073244,0.9348301856208244
2021-03-01,united_states,431397.54558793415,754576.0687214222,154295.28030774932,407257.5695371896,0.6708490448163014,81263.87738117669,88673.48779222631,0.43926420206041455,45317.9189664793,105737.24351511462,0.31253737218261585,42301.4464780828,21352.057682996285,0.7293352841048758
2021-03-08,united_states,446212.6117503148,760224.4063603784,141311.2413257669,369063.0314915825,0.6143967014163778,77079.85212161634,83375.98907522799,0.41664784930603427,43919.15410794318,101821.19315414278,0.302890717985815,51701.54705473711,30952.644314063582,0.8914059837023639
2021-03-15,united_states,429660.67081428604,753693.8580191749,141604.86478434602,369859.87144596386,0.6156733251493305,76145.61689688453,82227.06027461623,0.41159792917234883,53583.819843863035,130675.07728196567,0.3695435851300899,52698.88567979527,32992.80914011462,0.9086014772378495
2021-03-22,united_states,414215.0669990269,689013.1669163434,108532.6403838904,292831.37161009817,0.4718810451473495,75378.91197935633,81292.89859062442,0.40745357826679096,45987.41060776953,107640.17148764481,0.31715455591565195,44899.13694630018,23134.168938314127,0.774123050798279
2021-03-29,united_states,530212.529345123,941580.9344992139,178993.4088048112,506129.4243237934,0.7782322121948313,98037.68021449416,113029.04153630321,0.5299334065648333,76921.047788992,225793.20740509348,0.530489984751669,57416.2683457936,70829.65288578912,0.9899356611343724
2021-04-05,united_states,498990.2931986646,908602.7038370678,155391.10759977665,410801.02497553895,0.6756135113033768,116840.8951738367,149461.53447191342,0.6315724063450633,80196.65479379574,243584.48489494115,0.5530803778882465,57183.75307099416,63254.52114870367,0.9859267770861062
2021-04-12,united_states,385056.2212357443,707807.9057810572,129111.06290347088,338084.49558469333,0.5613524474063951,73457.51408451826,78985.25842836258,0.39706764370009867,66457.73041863414,177440.3212288939,0.4583291753009251,53725.37713868968,35675.36541792234,0.9262996058394772
2021-04-19,united_states,412196.4963531083,714520.7797268436,135079.98955121453,352752.8953882012,0.5873043023965849,64924.52394106052,69255.09712965114,0.3509433726543812,53283.20309731065,129708.50990356796,0.36747036618834933,49036.56678414954,27036.871090812634,0.8454580480025782
2021-04-26,united_states,428852.9360120404,743631.673168842,139862.1721568324,365169.55560473935,0.6080964006818801,80085.54624722266,87155.47025129548,0.432894844579582,48043.45739566057,113605.19980960661,0.33133418893559013,46787.561357086,24703.092090270355,0.8066820923635517
2021-05-03,united_states,425091.1855127313,714760.9511076668,118877.29826032875,314699.27649371396,0.5168578185231685,79084.43866426314,85882.15780945914,0.4274834522392602,45275.95832076468,105618.6022360297,0.31224798841906676,46432.07034957896,24385.332254213252,0.8005529370617062
2021-05-10,united_states,420298.4867943437,700618.6474992839,106310.35181575004,288319.6029122119,0.4622189209380436,84296.40186104916,92681.16219396054,0.4556562262759414,40729.892999772535,93177.66166168902,0.2808958137915347,48983.5140283685,26974.00391089083,0.8445433453166983
2021-05-17,united_states,397536.6867678847,713249.9703716845,145482.9355324317,380648.70028011187,0.6325345023149205,71419.93326312027,76587.92768920182,0.3860536933141636,46293.858416485484,108517.53878964556,0.3192679890792102,52516.55639176245,32585.332765832492,0.9054578688234906
2021-05-24,united_states,378086.4188282449,669968.1932675284,131874.9969642254,344770.74117441947,0.5733695520183714,62137.013719647686,66237.15114132845,0.33587574983593343,48657.359028674524,115422.97237008064,0.3355679933012036,49212.40472673589,27248.50758974648,0.8484897366678602
2021-05-31,united_states,372893.4853150172,715253.184991796,182394.0842524326,524224.3870817278,0.7930177576192722,67123.84541657216,71688.47647573204,0.362831596846336,49448.10383677798,117790.21372554316,0.3410214057708826,43393.666170996155,22058.17516294892,0.7481666581206233
2021-06-07,united_states,402433.23762572487,750390.2399496969,171373.4033534637,470453.5889008466,0.7451017537107119,70845.41398584933,75920.84344618583,0.38294818370729367,55399.83065523839,136620.83585374692,0.3820677976223337,50338.35432942055,28738.68269766434,0.8679026608520785
2021-06-14,united_states,405477.4437355774,751962.9073446286,166304.7206053468,449672.39012809086,0.7230640026319427,71444.20971363758,76616.19973118963,0.38618491737101396,57439.662011210574,143528.33201690283,0.3961356000773143,51296.87127885627,30237.483657087076,0.8844288151526943
2021-06-21,united_states,427291.8251896117,789855.9296741072,182626.17412667128,525517.4183753576,0.7940268440290056,80242.9128641008,87356.98150694529,0.4337454749410854,49099.757806135814,116743.74944537351,0.3386190193526608,50595.25968758768,29116.63661516796,0.8723320635790979
2021-06-28,united_states,387735.2960019341,730295.5351050715,172934.11484414423,477286.26598135335,0.7518874558441053,70127.57162889728,75092.65111399071,0.3790679547507961,48718.16919100344,115603.97889380826,0.33598737373105825,50780.383439092366,29399.17579304056,0.8755238523981442
2021-07-05,united_states,409555.42686937656,726687.2483582261,152809.9450087742,402544.0376113386,0.66439106525554,73647.24363085818,79211.05334564506,0.39809320881544963,43741.25923362037,101328.79975189881,0.30166385678358876,46933.37361559686,24836.861501329196,0.8091960968206354
2021-07-12,united_states,393929.0448399063,688800.5943774582,143382.86178480808,374743.9723745461,0.62340374689047,64135.311186541294,68393.36160435957,0.34667735776508807,44606.247625951335,103734.87050298581,0.30762929397207817,42747.128940251205,21633.476925919476,0.7370194644870898
2021-07-19,united_states,419590.68374887,714072.7592261387,136714.09652941136,356924.3691744675,0.5944091153452667,73431.98931535216,78954.91573463674,0.39692967197487655,42002.42772287304,96580.64540068389,0.2896719153301589,42333.56190963224,21372.04379431457,0.7298889984419352
2021-07-26,united_states,437769.67730875826,714508.6234598914,114008.90644900232,304216.6261336205,0.4956908976043579,71681.65660705094,76893.09041422905,0.38746841409216726,53573.21770982129,130640.90475733641,0.36947046696428476,37475.1653852587,18754.083181050115,0.6461235411251499
2021-08-02,united_states,436873.0570615277,710848.5844098683,109772.43102301471,295374.4849297363,0.47727143923049875,65611.40517444679,70009.95047367632,0.35465624418619884,51044.16659896824,122659.89051569821,0.3520287351652982,47547.52455191101,25424.014393973994,0.8197849060674313
2021-08-09,united_states,436640.36537813855,697678.7306553114,98542.05947801785,272967.6713632103,0.42844373686094717,68353.94175643471,73070.89653617758,0.36948076625099846,47011.848158828,110589.03396338795,0.32421964247467583,47130.515883892185,25021.055587758132,0.812595101446417
2021-08-16,united_states,460113.28585844004,754958.9160543793,127113.53094437483,333357.8593018501,0.5526675258451079,69349.99587692371,74202.0600947761,0.37486484257796604,53010.49387192418,128835.90180642711,0.36558961290982195,45371.60950271656,23501.01402140816,0.7822691293571821
2021-08-23,united_states,566546.6677202386,954171.3444843281,174977.54135676406,486579.95914997207,0.7607719189424524,105880.89646075555,126718.37824385797,0.5723291700581381,57425.905093311434,143480.89991614295,0.3960407247814582,49340.33385325842,27405.73909335879,0.8506954112630761
2021-08-30,united_states,594265.1894006954,1025308.7134999154,188868.863022544,563602.8118551931,0.8211689696632348,127507.11976992252,177458.04168457736,0.6892276744320136,60326.2037917142,153749.86293958165,0.41604278477044276,54341.33751503928,37717.58398968444,0.9369196123282635
2021-09-06,united_states,571941.0677700802,1026245.1589087298,198707.8331711315,641636.4553817612,0.86394710074405,117295.1948335242,150518.28353464624,0.6340280801812119,81273.03213079323,249767.8901932579,0.5605036698675395,57028.03100320066,59623.828938710925,0.9832419138482872
2021-09-13,united_states,467127.075858875,853523.3528099505,189622.97041204365,568695.6711395957,0.8244476974436681,81819.49529763393,89396.7102186133,0.4422675421493726,65284.16537962481,172677.8561467288,0.4502356233077573,49669.645861773126,27823.84041150444,0.8563732045133298
2021-09-20,united_states,482898.4311271413,832144.1450368604,184309.20173866532,535136.531851004,0.8013443553855014,58907.15266426236,62825.192001229676,0.3184170414284452,56733.64169395433,141109.13935104257,0.3912664944410643,49295.71781283706,27350.584898405024,0.8499261691868458
2021-09-27,united_states,485492.8099877298,799473.3944321983,165355.27255866685,445996.3107061112,0.7189359676463777,62340.44084854183,66455.01361823156,0.33697535593806394,45543.09410057911,106375.16723795349,0.3140903041419249,40741.776936680675,20430.9786620607,0.7024444299427702
2021-10-04,united_states,458511.4199781685,769099.3949342573,144591.8296157135,378124.68010586646,0.6286601287639718,67928.7697125657,72591.284727852,0.3671825389868416,45915.790516284695,107435.6988726881,0.3166606242502393,52151.58511152491,31818.838354200125,0.899165260543533
2021-10-11,united_states,472335.26926864695,804366.0612986895,159790.51318252372,425636.9944665673,0.6947413616631466,65811.14533311162,70230.31881562836,0.35573592071952226,58582.589380966856,147510.6447847849,0.4040178577997714,47846.544133440315,25724.884715115546,0.8249404160937985
2021-10-18,united_states,510918.5731859314,844133.8641887407,145569.82882423414,380896.31522207125,0.6329122992358006,82349.7353029603,90091.4397731858,0.4451337043403259,56538.31512170497,140445.22508774835,0.38991941463244806,48757.4117539099,26711.004460132375,0.840645030239826
2021-10-25,united_states,458834.1959985833,760283.7399551498,121793.85109635358,321163.8531202454,0.5295384830276243,72945.9524170338,78378.66677533826,0.39430244549747995,52202.93846508437,126275.14340362273,0.36002026527644393,54506.80197809479,38342.78956825346,0.9397724478981859
2021-11-01,united_states,439533.429001536,752871.9326140996,129756.09065659983,339629.33415053604,0.5641569158982601,82898.15777995871,90814.73203081633,0.448098150161939,47207.193461905044,111156.53290741798,0.3255668514614141,53477.06171409998,34956.14233200368,0.922018305415517
2021-11-08,united_states,444456.15084782965,747911.2962020673,135786.00661369148,354546.4426624848,0.5903739417986587,74918.46815729102,80735.59579963228,0.4049646927421136,45101.297897094635,105125.54512691915,0.3110434337730664,47649.37268616051,25525.330809351573,0.8215409083820777
2021-11-15,united_states,482274.3679899962,748546.8794356762,111642.06502870447,299246.77824328304,0.4854002827334977,73093.07980519287,78552.796401612,0.3950977286767182,36841.93596999652,83129.18980285228,0.25408231703445877,44695.4306417861,22980.632378607308,0.7706108731342431
2021-11-22,united_states,651278.3666263135,1062626.6175432524,175230.52448299533,487759.52853621426,0.7618718455782405,108731.719557844,132177.3293144173,0.5877390246369946,71767.86817385249,200543.03043845113,0.49495081499208615,55618.138702247124,43857.23033251195,0.9589334259008125
2021-11-29,united_states,842192.2261132067,1304946.1812610955,205228.463782556,713659.6658468127,0.8922976686198087,114714.33715037922,144649.21294643826,0.6200774981101579,86088.40995140946,279771.7658159127,0.5937131720786859,56722.74426354414,54337.6682605822,0.9779783493714507
2021-12-06,united_states,701321.7459474504,1176324.0384986969,211945.5503855369,820414.4681421187,0.9215023929805952,128990.88318600606,181976.6361409778,0.6972480172216544,77659.3382111924,229675.24419417628,0.5355816428358097,56406.520768511175,50381.23885009139,0.9725262201467444
2021-12-13,united_states,552741.5532666041,943706.0850402297,206074.11283876645,724835.4844940683,0.8959744036468107,74633.98270157455,80392.63607743644,0.4034269335220246,60854.42807729817,155680.6721341164,0.41968571087791845,49402.00815598649,27482.55244453728,0.851758761310112
2021-12-20,united_states,640520.8761812696,991754.2322549456,191146.52164889954,579364.5103710635,0.8310718332560849,58375.7587735348,62271.96354525662,0.31554464201910704,48991.223654147114,116418.87355026856,0.33787050795963525,52719.851997094454,33040.801165516124,0.9089629654671457
2021-12-27,united_states,592974.84873847,1023092.8724572329,205175.36851091633,712974.9237835049,0.8920668196126798,103177.16201491132,121792.75778829816,0.5577143892697909,65702.52175369243,174362.39175034087,0.4531208396806375,56062.97143924284,47110.88217629676,0.9666029558490146
2022-01-03,united_states,467844.3847021657,853751.5764142398,193920.36685825238,600235.6902207326,0.8431320298184886,79955.1388318643,86988.7623264873,0.43218993963169894,56876.03399622886,141594.58931142965,0.39224851031881974,55155.65202572856,41223.38396893265,0.9509595176849751
2022-01-10,united_states,484640.2441380174,837546.9820268513,179649.32456620043,509501.4283696335,0.7810840198530453,79788.97976095039,86776.71885312314,0.43129178249162375,43557.79521413611,100822.3014113602,0.3003985876836973,49910.63834754688,28142.812560643622,0.860528247371498
2022-01-17,united_states,478756.1224757266,839139.460401603,179165.2307462704,507007.56726166134,0.7789792641142191,78048.06376357451,84579.36617550087,0.4218814257490514,49663.22247917003,118439.33372278207,0.3425049826149657,53506.820936861535,35039.643692629805,0.9225313954631299
2022-01-24,united_states,477073.3311185907,838816.7731585292,187522.28446383605,554796.8465203576,0.815314280277548,70988.64282687132,76086.79256185752,0.38372239365876387,53120.94562121527,129188.84029362773,0.3663513491118295,50111.569128015835,28417.79213655747,0.8639925711726868
2022-01-31,united_states,488986.8092144719,867414.0902055138,196737.86471745034,623666.507410792,0.8553820205106537,80994.27206177324,88324.28638913493,0.43780687600958507,49299.45024864569,117342.94102037934,0.3399962086113496,51395.69396317263,30407.057044265588,0.886132654537459
2022-02-07,united_states,523876.65428467956,887324.3124509186,197137.22499361073,627195.6721226127,0.8571183695374379,83013.45026578246,90967.40690054031,0.44872135278801334,38290.504284405055,86814.16941346027,0.2640724433407245,45006.478622440794,23216.171165679403,0.7759737693524275
2022-02-14,united_states,531041.5522623899,875078.5591094294,185668.1036181712,543232.4286588214,0.8072526244268313,76631.55600747414,82823.19422686844,0.41422462706742774,38946.05170265403,88504.31148732023,0.2685934600183037,42791.29551874003,21661.85337912335,0.7377809572196556
2022-02-21,united_states,485622.8460982458,846550.9562325345,178046.61641913932,501354.8790631548,0.7741157235614753,81725.12612492974,89273.53301357936,0.4417574385131337,52244.076934835604,126404.76327696952,0.3603039788609352,48912.290655383964,26890.30523029125,0.8433153561273097
2022-02-28,united_states,527547.2938169893,871629.1442323676,176539.89944726432,493972.2272682811,0.7675647802054971,77163.962002438,83480.01181284092,0.41710249731047566,39037.40892361023,88740.99173594704,0.2692235098180016,51340.580042065834,30312.09801283919,0.8851824145183764
2022-03-07,united_states,486345.1788421459,814417.0850049562,167195.01770039293,453178.1731295717,0.7269348595669257,69751.54345205404,74661.13269124346,0.37703537001110293,42748.3998419784,98603.43789218948,0.29481655063433376,48376.94516838493,26285.507559924754,0.8340852615238782
2022-03-14,united_states,516056.45648135804,834904.0304583341,159036.13309315994,423019.8088087085,0.6914614482311302,78399.27754367309,85019.14111897384,0.42377987861444916,40345.40527833982,92160.98001565512,0.27824417433337806,41066.75806180316,20615.37833262106,0.7080475527897095
2022-03-21,united_states,473755.40478442,801871.2654044554,163495.05549601323,438972.7543249002,0.7108480673739705,75339.99648598667,81245.6900515412,0.4072432242485766,50241.72706863747,120196.02864352996,0.3464946694388791,39039.08156939802,19520.365628051524,0.673087613265483
2022-03-28,united_states,566289.2495750951,987665.2077908206,187379.63318569757,553884.7031363448,0.8146940573291199,110858.77587814433,136444.38114422915,0.5992366263683477,69523.10455586806,190449.51602126687,0.4794696865921936,53614.444596015426,35347.62810818057,0.9243869757933694
2022-04-04,united_states,540334.4894528567,995195.3931809036,189932.77544770893,570823.1167697356,0.8257946758596041,127461.67247626295,177322.43674921233,0.6889820133852051,83770.45424566741,264824.88550248934,0.5777272706597752,53696.001558407675,35587.52795678828,0.9257931303173738
2022-04-11,united_states,520767.44505045656,889816.2914383011,175646.49686722265,489713.4946937686,0.7636804211618377,73758.1629832503,79343.26441011523,0.398692772882434,70324.71651818905,193996.18567750504,0.4849980449530279,49319.470019182576,27379.904387830185,0.8503356899859065
2022-04-18,united_states,468075.90059990657,825222.5864238272,172853.0799175283,476926.0098369516,0.75153513007621,62990.97300848185,67154.17328665557,0.34049174599179377,69514.69800970815,190412.65213782628,0.4794117104117804,51787.93488820232,31112.774314395392,0.8928954291069365
2022-04-25,united_states,431193.61769501265,763052.3425490631,162467.24782406306,435188.9309984905,0.7063793383654916,62451.92052478961,66574.55887005824,0.3375779487826465,58665.874180917745,147804.09772280167,0.4045922357304672,48273.68232428007,26173.503914279077,0.8323048676600011
2022-05-02,united_states,459686.66814032214,777451.3230507837,158059.56648615247,419678.1753710636,0.6872155064615325,68740.66856620698,73508.80995570659,0.3715711814389566,55968.15497059115,138520.3605113384,0.38598727565924934,34996.26488751106,17647.464610618692,0.6033838773708804
2022-05-09,united_states,428945.09919495217,751131.8853773463,160066.48928436943,426602.4313631068,0.695941257758128,70867.06474729379,75945.91354758,0.3830652148502367,46004.313407497786,107688.46013875719,0.3172711269482606,45248.91874323311,23404.26129854302,0.7801537714350536
2022-05-16,united_states,423363.4189718313,733564.7923713586,146271.37377219897,382905.3554466588,0.6359624946617347,61908.10044583154,65992.42812650821,0.33463838078827857,55591.13484973444,137258.12552812567,0.38338713689472026,46430.76433176231,24384.185996646018,0.8005304195131432
2022-05-23,united_states,449559.3525854702,769904.6186554629,153414.71030326802,404451.03269100614,0.6670204795794261,63953.64273782942,68195.82897634103,0.3456953661504293,49002.80622680459,116453.51734327062,0.3379503877710661,53974.106802090624,36451.51743557736,0.9305880483119073
2022-05-30,united_states,431589.17361760157,737990.9237222108,151551.6151753593,398628.1057476441,0.658920065979823,65355.078851010076,69727.72380936652,0.35327069649194637,46830.693933346214,110064.26198467387,0.3229703029885946,42664.36214489362,21580.541852578674,0.7355924507740279
2022-06-06,united_states,437512.6578209539,754169.62297298,129159.3947878821,338199.9303713809,0.56156258603427,93788.26908914372,106303.44047364897,0.5069636166980742,48749.19111948691,115696.38449089628,0.33620131806542697,44960.11015551338,23180.65421395312,0.7751743130260927
2022-06-13,united_states,434571.54748558,782331.8022943693,159515.13875160922,424677.9511468214,0.6935440815287357,92966.19116711653,105051.08280858371,0.5025199522546839,42237.18445427304,97214.95296079674,0.29129092727084854,53041.740435790474,33809.393222289276,0.9145127661343185
2022-06-20,united_states,444676.8654896191,762925.5472972963,144280.79565733642,377250.17480393517,0.6273078072058105,75291.96865892928,81187.45458467289,0.40698361437259073,48387.87979671472,114622.90628011264,0.33370951583941183,50288.03769469686,28666.486763192246,0.8670351326671872
2022-06-27,united_states,406995.0209438154,702947.3233498984,118589.99997260077,314070.2849590646,0.5156086955330468,71697.58858617228,76911.69260366657,0.3875545328982285,55540.0670554218,137087.79530042983,0.3830349452098055,50124.64679188827,28435.986680402733,0.8642180481360047
2022-07-04,united_states,409860.6613458917,679634.3405861489,101680.61600376073,279097.31066485966,0.44208963479895974,65025.38347028124,69365.65197066638,0.3514885592988175,54650.38686448246,134144.55585282325,0.3768992197550515,48417.29290173273,26329.663206583038,0.8347809120988402
2022-07-11,united_states,468544.6157893144,709331.2429076892,88259.93710933067,253446.1437615297,0.38373885699708987,58206.39624397124,62096.10343196367,0.314629168886331,45327.6197464306,105764.6823291833,0.3126042741133145,48992.6740186423,26984.826398909157,0.8447012761834879
2022-07-18,united_states,442732.427292482,708734.0215415542,96852.05610092073,269703.7859893204,0.4210958960909597,70541.79192005003,75569.83400918044,0.38130698335162183,47930.49818871952,113272.60397129049,0.3305551599222036,50677.248039381986,29240.678140406984,0.8737456558514135
2022-07-25,united_states,440979.0707013595,702013.5770673954,96395.96046082852,268827.06401855487,0.4191128715688196,66057.54321287571,70502.70501374282,0.3570678011506795,54229.702773226214,132768.5323809224,0.3739979501601808,44351.29991910551,22727.215410135337,0.764677584812164
2022-08-01,united_states,476146.49709214206,738077.4152360322,94868.81469813643,265903.74012385774,0.41247310738320186,72355.30449662555,77682.2611386007,0.3911097540358138,44113.776084696234,102361.32649788301,0.30423293851514643,50593.022864431936,29113.276308730143,0.8722934976626195
2022-08-08,united_states,486277.86760598083,748251.4761194368,115885.99576145704,308215.2303809272,0.5038521554845958,62140.92353499314,66241.33496988346,0.3358968839729359,42641.21692347205,98311.5015799248,0.2940773580929107,41305.47229353381,20753.22967199555,0.7121633154057553
2022-08-15,united_states,477585.46626759646,768649.5413629778,123242.45243002153,324430.7331729473,0.5358367496957458,66329.5976888017,70804.15387084329,0.3585383658854146,53248.461779974685,129597.12274245115,0.3672307708963771,48243.563196583375,26141.10376173392,0.8317855723548858
2022-08-22,united_states,638746.4597018103,1068869.1624851718,181531.77574312867,519487.98765296384,0.7892685901875159,112399.71543405189,139647.56392043742,0.6075660293732534,79958.78352435282,242241.49320358934,0.5514398863748471,56232.42808182823,48619.57091823819,0.9695246221004867
2022-08-29,united_states,627303.0077477847,1094899.5452641118,202465.0669358069,680399.0855352564,0.8802828997208996,120270.96321678557,157709.02059621864,0.6501133146853274,89013.65436093319,300143.78666881693,0.6138872714547117,55846.8530028016,45420.252997216194,0.9628767759103725
2022-09-05,united_states,601253.1361085601,1093690.4702270946,212713.97535693418,836021.8905419081,0.9248433711171051,122129.3309885809,162453.86033772113,0.6601585458842211,101247.5188530568,410363.461879448,0.6982587507107365,56346.508919962645,49746.54532860436,0.9714915331028042
2022-09-12,united_states,499869.4447627991,910456.32922197,199702.97646951707,651285.0664112077,0.8682738107370308,78887.40717601289,85633.2858391455,0.42641841716763723,83423.81181890941,262672.7111673334,0.575336633233858,48572.68899473161,26501.83697135769,0.8374601550815794
2022-09-19,united_states,513484.59794078744,897500.6243499885,187047.9330612548,551778.5695753653,0.8132518828750208,82921.09995022198,90845.09569046999,0.4482221618930918,71701.76920845981,200238.4994907881,0.4944949600583435,42345.2241892645,21379.31249665449,0.7300900722286984
2022-09-26,united_states,522006.01522363216,878073.8669782658,163004.1133122135,437157.0236622773,0.7087135361400587,70689.05877923778,75739.95402615907,0.38210302042831235,77260.98541850448,227571.77985641573,0.5328343821965826,45113.69424467788,23298.8522531851,0.7778223145634117
2022-10-03,united_states,497542.1410075291,837001.614026259,154147.62195180266,406784.44914482714,0.6702070519643594,79647.54667895511,86596.55291330873,0.43052727934570334,64301.172020027996,168775.85512805113,0.4434563587588138,41363.132367944185,20786.84097088668,0.7131574546197273
2022-10-10,united_states,532845.7452950798,857733.0685625954,146046.13254444365,382258.39513259265,0.6349831849758419,76171.38976228215,82258.59785048367,0.41173724195828193,54445.44533549789,133472.96617310974,0.37548582989998547,48224.355625291915,26120.504074804325,0.8314544073326192
2022-10-17,united_states,519823.0817542962,842023.595255597,159374.80318316608,424190.84073043114,0.6929339268833308,65069.9462210165,69414.52952791724,0.35172943903252163,55946.14027218123,138446.4267917526,0.385835450152974,41809.62382493704,21051.399876479863,0.7208555831885697
2022-10-24,united_states,480636.8611870308,828667.8459448532,170522.05806843552,466817.51663050184,0.7414002524714588,70945.7556755676,76037.07754662384,0.3834905712192843,56742.6957107815,141139.96998027887,0.39132893593642415,49820.47530303775,28022.129783105218,0.8589737121213404
2022-10-31,united_states,479094.689173006,813729.693130144,162854.8660739494,436608.0802192709,0.7080646351041279,77680.41928910858,84120.88520176843,0.41989415831950583,51996.93098009041,125627.3768143433,0.3585995240006235,42102.7876139897,21229.405488324835,0.7259101312756845
2022-11-07,united_states,517846.66805409366,837575.6797684387,147412.01752320625,386210.1683864247,0.6409218153182881,81065.74766445601,88416.75445999307,0.4381932306186811,47302.65924919837,111434.48507866383,0.32622523620136806,43948.5872774844,22439.65542059057,0.7577342634049035
2022-11-14,united_states,513672.8227027358,848576.7311667732,148930.42329269188,390685.68449074205,0.647523579533443,75700.92797093898,81684.29979854399,0.40919420524831884,66383.4785938037,177135.55874371948,0.45781709375037033,43889.07860660283,22397.94828862529,0.7567082518379799
2022-11-21,united_states,697731.6187941671,1136300.4499007107,170476.63926708413,466625.2797214966,0.7412027794221049,125905.86028241935,172775.88451859972,0.6805722177428073,85160.57124733878,273669.5879537482,0.5873142844644054,57025.760309701334,59576.67973116694,0.9832027639603679
2022-11-28,united_states,907684.7940911048,1369041.1594529664,191496.66858566445,581892.0944641624,0.8325942112420194,128121.62687190667,179307.70723756638,0.6925493344427388,84970.01706357511,272436.42357414385,0.5860001176798284,56768.0528407155,55010.44775203883,0.9787595317364741
2022-12-05,united_states,732509.1461590839,1216064.5226479054,212696.31640624345,835652.7603142943,0.9247665930706237,119471.87872803719,155730.64746324788,0.6457939390704713,95055.72556608694,348680.56673342496,0.655556728041979,56331.4557884539,49592.076439841876,0.9712319963526534
2022-12-12,united_states,670651.2341256288,1095109.3061090445,202754.1312709685,683667.4631287871,0.8815397011781239,92663.02233252533,104593.00536805634,0.5008812017974342,77172.219891648,227105.90355847555,0.5322222061492965,51868.69848827382,31265.023999492463,0.8942879049702382
2022-12-19,united_states,657700.1006743021,1053152.8946249369,197808.43053771043,633254.5942753204,0.8600366545117845,95348.84199205696,108723.08937803235,0.5153991459030106,64642.68664077774,170122.69628854695,0.4458116320053637,37652.83478008977,18838.18812774185,0.6491868065532719
2022-12-26,united_states,580166.6528443827,1065765.752098233,211502.97434572654,811826.311548756,0.9195781493292459,131307.93666195235,189409.9082372953,0.7097726306051478,86919.06286556296,285376.65902547084,0.5994418128659514,55869.12538060842,45584.01057732961,0.9632607824242831
2023-01-02,united_states,504933.52284225234,911248.393549466,200038.32620978807,654630.36624471,0.8697318530860351,84262.52386245296,92635.55398484111,0.45547310195920515,67345.511112478,181121.08267226396,0.4644518007757103,54668.50952249461,38991.872619547226,0.9425605090085278
2023-01-09,united_states,534414.7077171894,914041.3473045705,196679.76229222224,623157.6404256271,0.8551294012705315,70802.14910300817,75870.7617548408,0.3827143194757198,62347.28161006244,161244.254931192,0.42998125248318925,49797.446582088254,27991.56688591958,0.8585766652084181
2023-01-16,united_states,555112.908393228,952087.9668081456,191370.5324405176,580978.188249761,0.8320457932196417,87859.21809981545,97590.13773991416,0.47491469243143486,69579.5054950653,190697.01762446295,0.47985865858665727,48165.80237951929,26058.005018218886,0.8304448686124016
2023-01-23,united_states,522733.46327535115,888668.0479343245,181175.51893518082,517561.5941410385,0.7877196475442645,70785.99321409188,75852.06584001359,0.3826269903464426,64190.769519566544,168342.43633227938,0.4426949622039072,49782.302990134114,27971.526013488634,0.8583155687954157
2023-01-30,united_states,481878.0524317396,818801.113560956,163513.59454501353,439041.6234029317,0.7109286719348414,65028.66351075624,69369.24895126867,0.351506289247331,57231.31593540219,142811.2388541638,0.39469873058898064,51149.4871380445,29990.285936664106,0.8818877092766293
2023-02-06,united_states,497647.09135878197,803480.133637684,144374.02367102404,377511.9470862793,0.6277131463957567,70375.80921971636,75378.38891057266,0.3804097795660344,53173.83598104308,129358.0787940066,0.3667161102140902,37909.37340711861,18960.898588162712,0.6536098863296312
2023-02-13,united_states,514033.08429671935,811300.263432866,130198.77762640979,340694.96019898483,0.5660816418539556,78867.50486375473,85608.17840146225,0.4263108371013769,51828.08650060006,125098.1054453003,0.35743507931448315,36372.81014538205,18247.363699419402,0.6271174162996905
2023-02-20,united_states,517587.0528491445,831176.3343328726,137821.08849880414,359791.52632179135,0.5992221239078441,76287.86484323356,82401.23633417193,0.4123668369904517,52133.471462251364,126056.46581443674,0.35954118249828526,47346.856679439006,25227.77804163804,0.8163251151627415
2023-02-27,united_states,517678.3169906054,804103.1239932128,119280.03711110259,315583.3080808532,0.5186088570047939,71487.90780790141,76667.10729102783,0.3864211232859536,51657.16512955345,124563.81989268941,0.35625631123829965,43999.696954050094,22475.634293529074,0.7586154647250016
2023-03-06,united_states,522805.2717620717,832278.2478996278,127854.96024930359,335102.3015130921,0.5558911315187113,70366.04022406854,75367.13102690382,0.38035697418415426,59309.576702107224,150087.45012949227,0.40903156346280845,51942.398962076804,31406.170661086835,0.8955586027944277
2023-03-13,united_states,511147.7093308874,784355.0365313267,107341.63184582419,290406.07359307905,0.4667027471557573,69894.05818838123,74824.49273567444,0.3778057199371958,48908.1991716237,116170.72923039971,0.3372979253215428,47063.437994610154,24957.944650624966,0.8114385861139682
2023-03-20,united_states,533008.1699883579,801917.8269416629,105633.86927048805,286957.5903087233,0.45927769248038286,68551.63417472951,73294.55530306116,0.3705493739174568,58037.153859958875,145599.84088538017,0.40025623351695777,36686.99964812861,18389.23834612843,0.6325344766918726
2023-03-27,united_states,593827.7469405448,1028417.8624275179,169310.1176067651,461746.84522263135,0.73613094611637,132345.54393103113,192899.70634870874,0.7153813185461143,79030.56917795964,237079.63122740737,0.5450384081238596,53903.88477121716,36226.288431002715,0.9293773236416752
2023-04-03,united_states,557638.6408104892,1048418.1801393692,223189.25814858152,1236997.5469389823,0.9703880789068762,125306.09292240356,171071.19690502514,0.6773302320129923,90939.77253892604,314591.7009281875,0.6271708450960417,51344.4157189689,30318.674948104293,0.8852485468787742
2023-04-10,united_states,503167.88223351515,935870.5505732992,217614.42897652817,964019.7962538626,0.9461496912022964,96451.07845145444,110466.68279033733,0.5213571808186727,71396.49553632099,198837.9457952609,0.4923896243884206,47240.66537548041,25125.694276981965,0.8144942306117311
2023-04-17,united_states,456737.34770448855,867079.9307637473,215320.3374605253,896860.4703015761,0.9361753802631535,77735.0019699387,84188.83401808204,0.4201891998375065,70685.1486619797,195611.50798289373,0.4874837838757221,46602.09496681498,24535.863269571953,0.8034843959795686
2023-04-24,united_states,489532.7424004421,888979.2381286728,208280.8503514231,756658.4744820754,0.9055689145714049,75867.07730495624,81886.78427343932,0.4100923097565202,69941.3018296417,192291.97901735984,0.48235380572166686,45357.266242209706,23489.64753815659,0.7820218317622363
2023-05-01,united_states,478757.7744093302,870458.876869383,200999.12859607523,664493.2007971278,0.8739092547655445,71376.14974809835,76536.95532881973,0.3858170256653965,68003.39470218892,183893.52807590563,0.46898892898061323,51322.42941369031,30281.03953223321,0.884869472649833
2023-05-08,united_states,469632.9001382756,824731.138942232,191365.28909226917,580940.280772836,0.8320229960533443,56498.75629554422,60335.06840202846,0.3053986826786174,55019.13982046531,135358.95065003482,0.3794423435894159,52215.05359567774,31947.729855837355,0.9002595447530645
2023-05-15,united_states,501323.94477284077,856649.6625372937,184202.1021055965,534511.318148078,0.8008787048069413,62502.36444418794,66628.68859603086,0.3378506186172321,60863.90117264234,155715.47612913983,0.41975104256994716,47757.35004202628,25634.04666337048,0.8234025869314876
2023-05-22,united_states,455343.1764817336,784034.2010105539,171726.366113534,471979.61562381923,0.7466363744066695,60512.69052750244,64510.39381631353,0.3270956244729862,60830.03800138239,155591.09229376292,0.4195175034578096,35621.929886401376,17915.93502559411,0.6141712049379547
2023-05-29,united_states,508573.42527266004,848206.9264899191,182734.05323914523,526121.1262357461,0.7944958836484575,57021.193936400865,60871.537743903216,0.30822266992649117,50801.049795023755,121910.03405268543,0.35035206755188797,49077.20424668915,27085.331887310884,0.8461586939084337
2023-06-05,united_states,463832.51054615574,799549.5563220469,167597.06224966128,454780.50252453634,0.7286828793463533,64159.70062162821,68419.90430020959,0.34680919254934167,54036.56672021986,132140.1166293706,0.37266597738082663,49923.71618438178,28160.453968649417,0.8607537273169272
2023-06-12,united_states,445151.5141488696,813445.7781978514,174700.98933504176,485297.98920259974,0.7595695188480076,86617.01753186267,95852.68130968462,0.4682000947668252,57832.76780732857,144888.70598045894,0.39884667453330047,49143.48937474876,27164.954873930576,0.847301540943944
2023-06-19,united_states,475743.5945774069,824711.9765915216,157638.64269049044,418253.59607874625,0.6853854030021324,79294.88696341356,86148.6013940868,0.42862101061304625,60691.91148565293,155084.56512733985,0.4185649067976064,51342.940874557826,30316.145511697494,0.8852231185268591
2023-06-26,united_states,409730.798988717,749413.545069282,148204.6333223363,388535.3352561656,0.6443679709666796,88949.6109186633,99139.19491062459,0.48080870766845024,59786.322414015165,151796.24964096164,0.41231946492424254,42742.17942555011,21630.30253831069,0.736934128026726
2023-07-03,united_states,469964.88304373,794794.7686804762,127517.188919163,334306.15379768517,0.5544225605181,83552.97485712133,91684.76418529266,0.45163770193038555,60103.02685174446,152939.86896385552,0.4145036334603066,53656.695008717485,35471.188310167236,0.9251154311847842
2023-07-10,united_states,499553.82841743354,831782.8707222308,134024.9581528036,350096.87866441696,0.5827172093600156,85554.34857831275,94388.61918747268,0.46245593826115,67769.32898495853,182902.68469436298,0.4673746826548864,44880.40658872235,23119.9385905811,0.7738001135986612
2023-07-17,united_states,509884.4574620905,864199.8770472605,162103.65648239144,433866.2424448576,0.7047985064451802,72639.59423002046,78016.92796447204,0.39264645529740794,69388.67423713452,189860.8320369278,0.4785425809457553,50183.49463562357,28518.321733026973,0.8652326661314408
2023-07-24,united_states,493781.6994074625,817939.351638831,151847.92794779284,399544.0246154068,0.660208382381708,81444.29039945485,88907.79404305416,0.4402394075646208,51543.80673233883,124210.29737449832,0.35547452918854366,39321.62715178192,19665.516358164645,0.6779590888238262
2023-07-31,united_states,533462.8248702439,854326.7673597669,141319.27189519815,369084.78901951085,0.6144316169356441,84863.851555462,93447.99947086915,0.4587235219214162,53204.45763196448,129456.13078563419,0.3669272940135481,41476.36140689842,20853.20734751279,0.715109679429283
2023-08-07,united_states,544148.4027001143,847237.8917377514,120700.60806651262,318723.41904155444,0.5247852524630984,75106.40027271597,80962.72869585712,0.4059805420146809,54883.15151711205,134910.20564401022,0.3785044932214624,52399.329181296474,32332.287643800446,0.903436710022353
2023-08-14,united_states,556581.624690308,849453.5578603434,115431.77976750418,307242.84704079886,0.5018773033369747,82364.34209222741,90110.64127259536,0.445212659957986,47636.29822937419,112409.07460088629,0.3285261946853392,47439.5130809296,25317.83900825408,0.8179226393263724
2023-08-21,united_states,678214.0906909652,1062431.8384774737,124407.21422188761,327085.89605331933,0.5409009313995113,120684.51138997098,158747.20234105256,0.6523487102160593,82370.8801342418,256260.5559705151,0.5680750354085642,56755.142040408144,54815.45358227056,0.9785369317311748
2023-08-28,united_states,728735.0853169168,1149546.8133022503,147270.5896776897,385797.7846679836,0.6403069116421292,117461.18064698251,150906.99453715348,0.6349253007945,99420.84430404536,390639.8772727681,0.6856609952003128,56659.11335661595,53444.18316621541,0.9768812647692404
2023-09-04,united_states,615456.0425245302,1064217.5881120015,187127.6198676646,552282.6630259897,0.8135983472507156,112391.8436187866,139630.9508073048,0.6075234790204681,92847.78267499138,329811.8317151538,0.6403295356895957,56394.29942602868,50249.46262930593,0.972315507345322
2023-09-11,united_states,541608.7964888898,943167.5481240221,190393.6454900367,574027.002515732,0.8277984586523335,78432.26069325712,85060.53142558258,0.4239581659094979,78945.13526648877,236610.71277282017,0.5444492087344053,53787.71018534962,35864.3373856071,0.9273743135405107
2023-09-18,united_states,533476.2382211057,936279.30462652,210493.7689744391,793238.2414251019,0.9151902998888656,79344.92005756532,86212.04247246691,0.4288914597706234,64903.49563383594,171157.5404276107,0.44761031471610996,48060.88173957395,25947.120340051355,0.8286358920616199
2023-09-25,united_states,555213.2467532352,932567.2874308309,199670.28210954962,650961.5169289373,0.8681316613458679,81558.27956886144,89056.0958686561,0.44085556523708885,58145.191150976694,145976.81281812955,0.4010013182825979,37980.28784820787,18995.08968246739,0.6548325491070321
2023-10-02,united_states,542671.0156160652,926337.9899353002,200429.15145534318,658591.514884001,0.8714310932841007,73119.5354782929,78584.13554356805,0.3952407323150968,68041.78071360308,184056.49599095545,0.4692536600938143,42076.50667199581,21213.30401079636,0.7254570115861347
2023-10-09,united_states,551436.9349069606,930739.0950735866,191567.92904073925,582410.0994734477,0.832904039307562,77987.35543231083,84503.52704589555,0.4215532726070855,60525.39711067359,154475.70041184226,0.4174165317977489,49221.478582902215,27259.567946086725,0.8486461824638313
2023-10-16,united_states,592606.5319916831,967340.9558344507,179358.37990323035,507999.07712176954,0.7798190430575233,83496.80951814645,91609.86223331052,0.4513341055034943,62520.67674580991,161900.95741106744,0.4311770810055856,49358.55767558085,27428.366817841637,0.8510096150962215
2023-10-23,united_states,551481.3903248615,901221.4523187975,173350.75828941626,479148.2967108475,0.7536989490844186,85006.99430269953,93642.31246172808,0.4594972665010785,51657.21374392195,124563.97164382177,0.35625664650980654,39725.0956578982,19876.70934333568,0.6849154423775552
2023-10-30,united_states,562942.3643247508,931492.1957405166,163612.1749767718,439408.2044577985,0.7113572825077036,93234.87744658753,105458.74735813783,0.5039723105220948,68949.19134454537,187948.2918578651,0.4755116644451404,42753.587647861124,21637.620936793053,0.737130821514847
2023-11-06,united_states,549847.6673141952,909368.8462777389,155686.52634454187,411766.18378184905,0.6768979406284429,92536.00189781257,104401.67835502088,0.5001946048530409,67347.33652834091,181128.72192257288,0.464464389850627,43951.31419284845,22441.571338435002,0.7577812791870422
2023-11-13,united_states,556006.4348175995,879876.1171661018,141887.38790297724,370629.1534994348,0.6169016865346836,74418.81230883692,80133.92733253725,0.4022638503180374,62306.47083854736,161090.01446930238,0.4296997988865335,45257.01129814087,23410.610074828535,0.780293298243808
2023-11-20,united_states,749060.354674381,1170811.3946356624,147185.27417366407,385549.37890031707,0.6399359746681047,129827.93735847384,184606.9566121082,0.7017726343701288,90821.76413378624,313680.9616257143,0.626356994026112,53916.06429535735,36264.996185507756,0.9295873154371956
2023-11-27,united_states,980910.9245411722,1392388.2316781492,148180.86608218472,388465.26411518524,0.6442646351399336,120376.95239695915,157974.15609031846,0.6506862291727522,87362.0460421855,288422.4975944286,0.6024968692564517,55557.44261564768,43475.07743718893,0.9578869416490979
2023-12-04,united_states,802264.1000798239,1286011.842159868,196751.7212232231,623788.0345818263,0.8554422661879265,129976.42623135331,185079.92001049593,0.7025752769262341,101410.15958790961,412189.9719454013,0.6993804109511008,55609.4350375581,43801.65481163731,0.9587833627165189
2023-12-11,united_states,730146.1218807294,1144079.986729285,184163.43335156917,534286.0314512819,0.8007105797894312,94148.2579953488,106856.62622297503,0.5089095026775611,83513.5409973756,263227.8149337026,0.5759554551543145,52108.63250426189,31732.60515685309,0.8984246983493429
2023-12-18,united_states,733434.6003308366,1103571.4621394936,168014.0409931055,456455.23447116546,0.7304958304048066,79511.76308504031,86423.86236050294,0.4297933139731908,71388.43111481839,198801.07824111718,0.4923340076884027,51222.62661569277,30112.121304564786,0.8831487347533236
2023-12-25,united_states,657257.0224231107,1090300.6205489754,190607.60450002854,575530.6054424646,0.8287287152175153,100795.89015574793,117640.03052976815,0.5448426494905293,85663.62063620231,276957.6839463416,0.5907835905944987,55976.482833885864,46405.99746726259,0.9651117729980321
2021-01-04,germany,191471.64183716342,244905.8696186698,2302.522116386773,29660.681436167615,0.024237074909334452,28964.129834364787,25242.412087600052,0.36205162292955984,10564.52159940306,22446.7331096573,0.16253110152927785,11603.054231351765,6920.475597210278,0.4462713165904525
2021-01-11,germany,197035.09593729852,271463.4147013513,9004.291794898201,52737.055837602486,0.09478201889366528,32117.172869654012,28217.11195151703,0.40146466087067517,13607.42130466118,29078.779094361154,0.20934494314863356,19699.4327948394,10874.099809633231,0.7576704921092077
2021-01-18,germany,189031.31423103996,290467.5956394209,28854.35790754526,93327.7592190883,0.30373008323731854,33200.41487118816,29291.518263194273,0.41500518588985197,19272.28832306816,42835.92632989227,0.2964967434318178,20109.2203065794,11197.200137207283,0.7734315502530538
2021-01-25,germany,186409.0811215774,281305.91590451286,27243.152971837226,90333.41726971905,0.2867700312824971,30819.9090867211,26967.18174079623,0.3852488635840138,17500.161011630138,38294.661872361816,0.26923324633277135,19333.611712747057,10604.969388879214,0.7436004504902715
2021-02-01,germany,188285.67868205076,320503.95849479333,49622.84178626433,134792.11954533495,0.5223457030133087,39657.71690720584,36407.06773090692,0.49572146134007294,19213.318668796255,42680.811311299505,0.29558951798148086,23724.40245047616,16245.580413177717,0.9124770173260061
2021-02-08,germany,190651.04268070144,318852.47650840506,43147.57628104612,120837.4926191062,0.454185013484696,45161.58666306111,43780.57159449978,0.5645198332882639,17704.704205304337,38806.59973703256,0.2723800646969898,22187.566678292034,13376.354299351295,0.8533679491650782
2021-02-15,germany,185058.05476446185,312433.72694540943,42315.937596736745,119139.74123532226,0.4454309220709131,44800.738724785464,43248.92284169512,0.5600092340598183,18097.75404943548,39799.032847578,0.27842698537593047,22161.2418099899,13340.427162144213,0.8523554542303808
2021-02-22,germany,195670.2085576415,337695.2805510707,69258.43109911401,193224.33535115863,0.729036116832779,34380.33293562556,30496.232433220015,0.42975416169531955,19744.63597206207,44088.8942800144,0.3037636303394165,18641.671986627498,10137.64774471728,0.7169873841010576
2021-03-01,germany,198971.69620620314,348737.6859759743,73895.83097207239,214697.72361800572,0.7778508523376041,40315.28048670568,37213.89475073628,0.503941006083821,17898.810184388785,39295.26486948236,0.27536631052905824,17656.068126604318,9547.207740263493,0.6790795433309353
2021-03-08,germany,175841.65343452062,331850.75989612145,71446.84749494205,202721.76473729304,0.7520720788941269,43948.04479573706,42022.449937063844,0.5493505599467133,20373.292993760133,45786.27452640576,0.31343527682707895,20240.92117716157,11306.487513893382,0.7784969683523681
2021-03-15,germany,187646.27479305465,328727.2181124352,64902.30125587963,176855.05983115517,0.6831821184829435,38060.20881989922,34517.35267982815,0.47575261024874027,17278.07372144784,37742.24948373382,0.2658165187915052,20840.35952215388,11843.058622286895,0.8015522893136109
2021-03-22,germany,182378.2719067845,315843.03445384605,60601.84643343613,163119.94176214858,0.6379141729835381,38753.415704012266,35325.54543562185,0.48441769630015336,18452.862290193978,40705.73650503281,0.2838901890799074,15656.638119419216,8538.486350479478,0.6021783892084314
2021-03-29,germany,220310.30609691882,398852.2220821461,77775.07390115155,237684.02513379807,0.8186849884331743,44152.317347804856,42312.54574235855,0.5519039668475607,31851.809651781106,85128.54745536315,0.4900278407966324,24762.715084489748,20190.39449755151,0.952412118634221
2021-04-05,germany,204066.05108706767,401395.80144328857,83856.52038280384,291563.51228281594,0.8827002145558299,53166.633064066154,58092.07246419219,0.664582913300827,35191.04501283665,101061.20999473879,0.5414006925051792,25115.55189651428,22687.78410246544,0.9659827652505493
2021-04-12,germany,160958.47329730424,332926.7254171592,80314.74113880849,256621.02217269174,0.8454183277769315,38947.59848954048,35555.1314736904,0.48684498111925606,30975.004968937035,81381.26043920181,0.4765385379836467,21730.907522568952,12792.322239984902,0.8358041354834213
2021-04-19,germany,159274.7020515022,317889.99526095384,76837.29920013894,231570.60616931028,0.8088136757909361,39379.00795449866,36070.351544464516,0.4922375994312332,23585.327019543576,55049.45684473032,0.362851184916055,18813.659035270513,10249.21115160062,0.7236022705873274
2021-04-26,germany,167735.43542347272,311324.1871085571,72843.3338726794,209353.83836314816,0.7667719355018884,33381.00154408317,29473.507835378667,0.41726251930103964,18418.866004044095,40618.5119967067,0.2833671692929861,18945.550264277736,10336.733445721959,0.7286750101645283
2021-05-03,germany,173932.75810332753,314724.28350248677,64748.181682663344,176326.3447891196,0.6815598071859299,39688.96276519002,36445.009020512945,0.4961120345648753,16476.437306840493,35777.13077896536,0.2534836508744691,19877.943644465362,11011.842752428665,0.7645362940178986
2021-05-10,germany,142436.01052284532,285382.6614541508,60534.031966009024,162918.5048717114,0.6372003364843055,42598.07972199274,40161.04078714886,0.5324759965249093,19199.384514851805,42644.20053447651,0.2953751463823355,20615.15472845195,11633.393377619868,0.7928905664789212
2021-05-17,germany,163752.8718102485,309464.79026182013,67148.41401868191,184927.32987333613,0.7068254107229675,36827.587560151216,33122.17496007446,0.4603448445018902,19992.486410861464,44753.960433060776,0.3075767140132533,21743.430461877062,12807.314299175869,0.8362857869952716
2021-05-24,germany,170291.60583864865,305850.29566723166,59091.925528149775,158730.7898561613,0.622020268717366,34327.60357953805,30441.59023682896,0.4290950447442256,19472.662536856995,43365.15345450491,0.2995794236439538,22666.49818403817,14088.449569312168,0.8717883916937758
2021-05-31,germany,157869.4817008212,283202.0418769484,57816.35453746071,155169.46517512988,0.6085932056574812,30377.732243659604,26549.72574919135,0.37972165304574507,16840.32121404591,36663.64517644473,0.25908186483147555,20298.152180960966,11354.872217485572,0.780698160806191
2021-06-07,germany,164601.30098059346,293008.0387918561,52999.255319542885,142735.45975549743,0.5578868981004514,36266.19332289859,32503.54068719108,0.4533274165362324,19744.097953881235,44087.45635801245,0.3037553531366344,19397.19121493992,10650.549111753659,0.7460458159592278
2021-06-14,germany,154458.6461809581,284329.8646536282,55512.073273299284,149037.6567496818,0.5843376134031504,36230.47853786069,32464.525468947133,0.45288098172325864,16838.186751724515,36658.41869713438,0.2590490269496079,21290.479909785652,12296.21805644268,0.8188646119148327
2021-06-21,germany,161546.1645686976,290819.9948454771,53708.48243028493,144477.28843379358,0.5653524466345782,32874.657250840304,28965.343673195508,0.41093321563550383,20854.42238174124,47109.2060380826,0.32083726741140367,21836.268213913027,12920.138876800009,0.8398564697658857
2021-06-28,germany,133990.83286047832,289607.26575943525,68831.78632868716,191484.11539357313,0.7245451192493385,39467.07886023614,36176.420890227004,0.4933384857529518,27551.868589013233,68147.10409774538,0.42387490136943434,19765.69912102039,10924.714538804254,0.7602191969623227
2021-07-05,germany,147000.91022423015,299926.91675820487,69631.2161603676,194772.8865178906,0.7329601701091327,37428.94304342091,33796.33695623379,0.46786178804276146,23871.539832807357,55927.8730661433,0.367254458966267,21994.307497378857,13119.366122983756,0.8459349037453406
2021-07-12,germany,180033.88347755047,321723.9983588364,61780.21936877186,166689.34568278425,0.6503180986186512,34829.42996658503,30964.785431716493,0.43536787458231285,22538.77601358444,51915.235962550934,0.3467504002089914,22541.689532344608,13891.296635985218,0.866988058936331
2021-07-19,germany,166447.9437070334,311291.960653573,65959.66171027499,180566.61927421164,0.6943122285292104,36164.75425148429,32392.832581315775,0.45205942814355365,19659.778223520614,43862.40715725258,0.30245812651570175,23059.822761259667,14775.06641438116,0.8869162600484488
2021-07-26,germany,175162.33226022928,317622.3226265799,60353.56744384302,162384.4866099396,0.6353007099351897,42439.22698662841,39948.104146496145,0.5304903373328551,15958.440274556731,34530.414408711804,0.24551446576241126,23708.755661322473,16204.951757718163,0.911875217743172
2021-08-02,germany,170787.73580031027,304982.10947879206,56472.2279417499,151548.3379983788,0.594444504649999,41888.75107608047,39219.648637627986,0.5236093884510059,16404.81901775774,35603.70410653259,0.2523818310424268,19428.575642893673,10673.22767411368,0.7472529093420643
2021-08-09,germany,174508.50959114113,309329.8309985264,59577.30835631741,160120.3369673205,0.6271295616454464,39195.56041681027,35850.3873028817,0.48994450521012844,15662.429809704892,33825.77848477798,0.2409604586108445,20386.022824552754,11430.254799071576,0.7840778009443367
2021-08-16,germany,189380.845892397,322272.00026293367,56319.98085559705,151146.15190168534,0.5928419037431268,41364.08589603473,38538.57962278625,0.5170510737004341,14697.418771333008,31566.200792912998,0.22611413494358473,20509.668847571877,11538.6586718084,0.788833417214303
2021-08-23,germany,236445.64499381548,428198.48847901006,83473.7779215075,287125.65712046647,0.8786713465421843,48193.05525220854,48579.072062493055,0.6024131906526068,35198.477863837135,101100.00579826509,0.5415150440590328,24887.532447641403,20953.992590286776,0.9572127864477462
2021-08-30,germany,260169.42103296396,458317.9904653909,83794.9591087596,290836.25686819054,0.882052201144838,53420.487579370936,58647.31083075602,0.6677560947421367,36141.20289363458,106157.40620447938,0.5560185060559166,24791.919850661812,20359.796247981438,0.9535353788716082
2021-09-06,germany,244318.3951242483,444583.1339697966,84517.72711489938,299725.5091532653,0.8896602854199934,54695.56153919506,61561.7748388344,0.6836945192399383,36869.7006972636,110262.04237376396,0.5672261645732861,24181.74949419023,17618.947334773748,0.9300672882380858
2021-09-13,germany,205342.31212920885,377116.26941052894,79917.92439691679,253396.14323554822,0.8412413094412293,41766.93816451687,39060.39085557359,0.5220867270564609,28498.20404814301,71603.24406823836,0.43843390843296937,21590.890671743407,12628.211705147252,0.8304188719901311
2021-09-20,germany,206408.5736167065,365075.2785693001,74875.84596475135,219976.5625179064,0.7881667996289616,41319.398733662485,38481.15179060159,0.5164924841707811,23580.996682363875,55036.23854044014,0.3627845643440596,18890.463571815853,10299.964655175674,0.7265562912236867
2021-09-27,germany,219845.37744306278,378109.11132914387,77184.43523280464,233786.173145912,0.8124677392926805,36967.32888144044,33277.75774676544,0.4620916110180055,23626.728277367514,55175.94131425645,0.3634881273441156,20485.24149446852,11517.020859675762,0.7878939036334046
2021-10-04,germany,197041.65607859602,354267.20188815705,76541.30440318433,229723.12102453757,0.8056979410861509,40728.95566469134,37730.69113654983,0.5091119458086417,21388.07362248443,48601.758541768315,0.32904728649976045,18567.21211920097,10090.211676763733,0.7141235430461911
2021-10-11,germany,206839.95099201534,368797.2701791594,81358.28015795609,265668.35140169243,0.8564029490311167,41604.521728203195,38849.11943392582,0.5200565216025399,21640.961085047435,49318.598975169676,0.3329378628468836,17353.55621593736,9380.347889900131,0.6674444698437445
2021-10-18,germany,217964.61438876612,375095.9883548309,86117.17585471187,322657.86319042754,0.9064965879443354,30209.641219008914,26392.128624541798,0.3776205152376114,20139.143741701624,45150.01017678682,0.30983298064156345,20665.41315064234,11679.288628353617,0.794823582717013
2021-10-25,germany,219417.58231448987,383109.21019484376,81363.19319667538,265713.05107563094,0.8564546652281618,42325.468372713214,39796.37231117561,0.5290683546589152,19150.89088009961,42516.91226811483,0.29462909046307095,20852.075430865698,11854.256713264298,0.8020029011871422
2021-11-01,germany,195417.01168815664,342029.62357470987,78174.94108266535,240420.31125161285,0.8228941166596352,30065.231147770955,26257.208140111317,0.37581538934713693,16648.3783520652,36194.90108220662,0.25612889772408,21724.061304051735,12784.148507273243,0.8355408193866052
2021-11-08,germany,205562.50608752423,350918.0955549163,71370.01672142741,202370.74066304357,0.7512633339097623,35457.029302779236,31629.305559933466,0.4432128662847405,14506.278966981556,31125.20285989328,0.223173522568947,24022.264476203858,17094.26899454478,0.9239332490847637
2021-11-15,germany,220807.05311493028,367554.78906191053,65432.598831902396,178697.7868671642,0.6887641982305516,42553.61463182955,40101.31189155836,0.5319201828978694,16921.243978596656,36862.0262706842,0.26032683043994853,21840.27850465163,12925.08069036944,0.8400107117173704
2021-11-22,germany,286579.4065983394,467148.3620742625,73985.60066243596,215168.58148048975,0.7787957964466943,51690.226448126516,55011.76395161732,0.6461278306015814,29687.788524204952,76159.50147684655,0.4567352080646916,25205.33984115571,23539.95688177476,0.9694361477367581
2021-11-29,germany,368094.3674968937,548025.4706733816,76080.43046454454,226919.3085694409,0.8008466364688899,49353.79903374843,50594.52311041709,0.6169224879218553,29896.650160661644,76985.38561218373,0.45994846401017914,24600.223517533337,19334.312951317614,0.9461624429820514
2021-12-06,germany,291929.34019213304,477505.0911683446,77508.65203175333,235905.2082763462,0.8158805477026666,50142.04295535289,52027.8047517709,0.6267755369419111,33623.00098058798,93225.38974253746,0.517276938162892,24302.055008517338,18055.454212482073,0.934694423404513
2021-12-13,germany,259844.47965183525,430022.80712627165,73738.2744138781,213877.23067788547,0.7761923622513485,45525.224091381926,44324.24072554911,0.569065301142274,27223.298378120406,66979.80921599113,0.4188199750480062,23691.530591056016,16160.630066796677,0.911212715040616
2021-12-20,germany,277492.85436567495,417634.4345178907,66362.4905686485,182021.10229062088,0.6985525323015632,34559.19545522222,30682.161545013816,0.4319899431902778,19931.216406850832,44589.057243190386,0.30663409856693585,19288.677721494194,10573.044937108445,0.741872220057469
2021-12-27,germany,241915.13802427083,434424.54287879495,84985.95480404903,305929.820464746,0.8945889979373582,56008.73193877894,64805.107580655065,0.7001091492347368,27368.85070046556,67494.88812305416,0.42105924154562396,24145.867411230636,17495.887005766246,0.9286872081242552
2022-01-03,germany,212816.7924106,382591.2106109393,80060.89337489915,254545.304093789,0.8427462460515701,43850.53303897656,41884.77601970434,0.548131662987207,24522.212107686508,57960.53407745842,0.3772648016567155,21340.779678777075,12350.019273844882,0.8207992184145029
2022-01-10,germany,214683.16548398184,382517.98428735236,87755.51940426296,352722.88864568993,0.9237423095185574,36526.20955205864,32788.80662270826,0.456577619400733,23110.776196517734,53613.41843709391,0.3555504030233498,20442.31365053118,11479.261829420315,0.7862428327127378
2022-01-17,germany,208477.84644169864,367305.6307975735,84241.1850138991,296231.18698005343,0.88674931593578,37016.39357336851,33332.537780531056,0.4627049196671063,19301.321246065854,42912.40082481297,0.2969434037856285,18268.88452254136,9905.093525952576,0.7026494047131292
2022-01-24,germany,219719.73422601732,376148.14410177106,81099.35909822711,263341.8041891609,0.8536774641918644,35596.3897646128,31778.446227400906,0.44495487205766,20256.626973395723,45468.64285760689,0.3116404149753188,19476.03403951809,10707.75033853893,0.7490782322891573
2022-01-31,germany,241175.871398121,403608.0638840792,74568.2962951969,218286.37209045934,0.7849294346862831,42252.2948879895,39699.10449106955,0.5281536860998687,22913.173443906395,53022.785030961146,0.35251036067548297,22698.427858865416,14140.354130945303,0.8730164561102083
2022-02-07,germany,198571.48140250987,364445.50107908674,80349.77303020858,256911.11145370017,0.8457870845285115,42961.86264789268,40653.39822916343,0.5370232830986585,23430.082124953227,54576.89872095782,0.36046280192235736,19132.30187352238,10463.748666665544,0.7358577643662454
2022-02-14,germany,216645.4316803021,370529.5276973923,80968.7358655899,262189.3162410292,0.8523024827956832,34672.95267705765,30800.881293958275,0.4334119084632206,21645.49879379801,49331.518821398524,0.33300767375073864,16596.908680644647,8987.125519161653,0.6383426415632556
2022-02-21,germany,205569.9617285055,363572.0520722497,78500.52961496019,242710.07283654492,0.8263213643680021,37435.32270072009,33803.5544366756,0.4679415337590011,20022.551865488073,44834.99888636646,0.30803925946904726,22043.686162575825,13183.572704352615,0.8478340831759933
2022-02-28,germany,215800.87833982302,364174.05525869736,71351.14069585635,202284.7097841013,0.751064638903751,36343.73611537381,32588.388195464377,0.4542967014421726,18946.214692584977,41981.78678232462,0.29148022603976886,21732.085415059195,12793.730120369155,0.8358494390407383
2022-03-07,germany,208744.55540165555,363082.9488606128,69883.73124643917,195837.18272407196,0.7356182236467281,44105.77268074446,42246.243241547345,0.5513221585093058,21054.572025841917,47665.83988256356,0.32391649270526024,19294.31750593172,10577.038910693806,0.7420891348435276
2022-03-14,germany,212476.80935849255,348823.8225115342,62691.907809222415,169545.7222122558,0.6599148190444465,36268.28895498407,32505.83122964779,0.4533536119373009,21319.303475703655,48407.89494254197,0.3279892842415947,16067.512913131488,8729.690366245904,0.6179812658896726
2022-03-21,germany,213137.25325276054,371918.11300241284,72905.89520066025,209662.74255508865,0.7674304757964237,45315.219845291074,44009.28452027369,0.5664402480661385,22541.68143853458,51923.77357317521,0.3467950990543781,18018.06326516638,9755.178770440383,0.6930024332756299
2022-03-28,germany,240808.51798700125,437704.566792014,86193.87115268454,323894.3019020064,0.9073039068703636,53457.34538020513,58728.58894843918,0.6682168172525641,32372.691816458944,87433.51867892608,0.49804141256090684,24872.140455664125,20853.934475983424,0.9566207867563125
2022-04-04,germany,235300.9705957276,437812.5727601197,88069.80692210761,359550.1310893014,0.9270505991800801,51147.56798048456,53938.96214799643,0.639344599756057,37778.48586951554,115644.11620961808,0.5812074749156237,25515.741392284366,27879.1099546786,0.981374668934014
2022-04-11,germany,171142.1857725908,346106.0465319394,82954.73356900054,281408.150815191,0.873207721778953,40549.4962880249,37505.60297265775,0.5068687036003112,30310.546804161113,78646.04984468388,0.4663161046794017,21149.084098162097,12148.553297641633,0.813426311467773
2022-04-18,germany,203150.2764224609,365641.00201170385,77423.43079326797,235343.43546688624,0.8149834820343996,37389.23133294365,33751.44130163656,0.46736539166179564,27257.831338556458,67101.72592439341,0.41935125136240703,20420.23212447487,11459.969750025397,0.7853935432490335
2022-04-25,germany,189046.18261023902,348938.8921888219,76986.81693557455,232518.2940563701,0.8103875466902585,35078.50895920495,31227.138251235177,0.4384813619900618,25976.599125731616,62694.23838770141,0.39963998654971716,21850.784558071755,12938.054423105761,0.8404147906950675
2022-05-02,germany,192574.32002732457,347536.4574906323,79118.26810157244,247217.000128791,0.832823874753394,39597.41836171273,36333.95843581681,0.4949677295214091,21758.667422183313,49654.39226451665,0.334748729572051,14487.783577839271,8028.781246754302,0.5572224453015104
2022-05-09,germany,169584.81515865866,325330.1639997347,80062.78825481792,254560.62981069856,0.842766192155978,35769.977201751,31965.03699365059,0.44712471502188744,17812.831919070424,39078.46802407157,0.27404356798569884,22099.751465436653,13257.663534650417,0.8499904409783329
2022-05-16,germany,171364.40365758626,317803.5882347678,72737.93011160365,208835.78834365786,0.7656624222274069,31714.056061640138,27824.556694319243,0.3964257007705017,24018.459005031345,56382.46117744544,0.36951475392355915,17968.739398906393,9726.275966174642,0.6911053614963997
2022-05-23,germany,179098.45243836284,331914.6754878489,71464.33342652395,202801.84666444224,0.7522561413318312,37317.481193899206,33670.46127691363,0.4664685149237401,23099.93435595042,53580.90179161084,0.3553836054761603,20934.474073112455,11933.86519876733,0.8051720797350944
2022-05-30,germany,177293.37358263996,325002.3696797965,74531.43373660692,218085.90031013108,0.784541407753757,33367.26696373569,29459.636865716926,0.4170908370466961,18720.846218058094,41396.47601174533,0.2880130187393553,21089.449178755825,12087.791659113289,0.8111326607213779
2022-06-06,germany,180397.0958084454,323863.1536344175,66051.2776904767,180895.38886374026,0.6952766072681758,36284.35137290084,32523.392190917668,0.45355439216126053,18525.79946156041,40893.17607759801,0.2850122994086217,22604.629301034176,13989.601858929154,0.8694088192705453
2022-06-13,germany,188746.90435740797,333556.80408883584,64424.96589741743,175227.2585337085,0.6781575357622888,36301.85456091888,32542.53763523462,0.453773182011486,22149.104172520547,50778.149145180876,0.3407554488080084,21933.975100571053,13042.206170497157,0.8436144269450405
2022-06-20,germany,164933.47752446381,301976.1348876675,64932.817738546306,176960.1081937977,0.6835033446162769,36464.53531904102,32720.947984310245,0.45580669148801267,21108.546498505148,47816.59226024439,0.3247468692077715,14536.757807111182,8049.248203800776,0.5591060695042762
2022-06-27,germany,173723.42617070745,320614.3219559606,61844.440757818964,166887.7621478218,0.6509941132401996,47184.93949097611,46913.12247831076,0.5898117436372013,20137.45506287554,45145.439121121926,0.309807000967316,17724.060473582533,9585.55496850566,0.6816946335993282
2022-07-04,germany,186374.53718962133,325955.8315231756,52238.068759146285,140896.00793381248,0.5498744079910135,42153.808297079755,39568.5952301655,0.526922603713497,24706.98881270767,58547.056018498944,0.3801075201955026,20482.428464620552,11514.536175325737,0.7877857101777136
2022-07-11,germany,187914.9545164021,322172.95757784875,51616.692548035426,139416.37075861535,0.543333605768794,41719.51209168972,38998.5729505069,0.5214939011461215,20865.228958449017,47139.16449083488,0.3210035224376772,20056.569463272484,11154.286040928217,0.7714065178181725
2022-07-18,germany,180272.8609470894,306984.00906625774,51133.78920935244,138279.5347722469,0.5382504127300257,34648.96840171042,30775.82026856485,0.43311210502138026,19488.920402871525,43408.24091766661,0.2998295446595619,21439.47010523396,12457.614013047716,0.82459500404746
2022-07-25,germany,201989.52088065192,334557.0850051617,52109.41270384057,140588.06117269766,0.5485201337246376,37051.30044878021,33371.559544690725,0.4631412556097526,21240.81816736768,48187.199809332604,0.3267818179595028,22166.032804521365,13346.943339613217,0.8525397232508217
2022-08-01,germany,179738.74542046268,314780.35968835803,49890.69471708778,135402.9519476797,0.5251652075482924,40714.261227927745,37712.20860626077,0.5089282653490969,22478.906736852263,51739.50699085249,0.34582933441311176,21957.75158602757,13072.447706097468,0.8445289071549066
2022-08-08,germany,211233.78302004447,340863.846079672,48995.855434436955,133374.16745815703,0.5157458466782837,37022.0064422274,33338.80956802587,0.4627750805278425,23317.82407059516,54236.877996721036,0.35873575493223325,20294.377112367965,11351.663567445883,0.7805529658603063
2022-08-15,germany,195716.4326739916,330806.65605579375,51424.40357723405,138962.3458305395,0.5413095113393058,43340.77349407485,41173.37347216507,0.5417596686759356,24800.912639337635,58846.80309071884,0.38155250214365594,15524.133671155643,8478.28020102691,0.597082064275217
2022-08-22,germany,266242.96095459355,453096.7844774749,78534.02992865762,242948.93088345064,0.8266739992490276,49589.532953908994,51017.45967795049,0.6198691619238624,34164.59378946961,95855.89052726715,0.5256091352226094,24565.666850845144,19168.794338647098,0.944833340417121
2022-08-29,germany,279355.1625150604,479109.383607947,82602.19943664726,277706.1858741614,0.8694968361752343,53731.78035002688,59339.143356426925,0.671647254375336,38155.04093663265,117965.305906207,0.5870006297943484,25265.200369579783,24181.685190867473,0.9717384757530686
2022-09-05,germany,272611.39267907693,472931.86282419704,84451.67942964582,298879.93201859354,0.8889650466278508,53530.57595392949,58890.57947381582,0.6691321994241186,37726.62879627112,115328.761867894,0.5804096737887865,24611.58596527364,19389.896560915324,0.9465994602028324
2022-09-12,germany,219046.76879116232,398175.4782598895,81367.15451108663,265749.1070388541,0.8564963632745961,44467.586750946684,42764.83319239363,0.5558448343868335,30664.17353708817,80090.88925161517,0.47175651595520257,22629.794669605704,14029.538156233033,0.8703767180617579
2022-09-19,germany,216213.91944803952,378501.14081997157,73859.99579611572,214510.448646289,0.7774736399591129,39356.5541957411,36043.35773775652,0.49195692744676367,26549.806239256475,64637.170387243284,0.4084585575270227,22520.865140818765,13859.255227949096,0.8661871208007218
2022-09-26,germany,219286.03933493496,377925.59957412246,73232.39346810523,211292.35685041745,0.7708672996642656,39565.411828949145,36295.210729519764,0.4945676478618643,24708.08202081973,58550.53858705997,0.380124338781842,21133.672921313417,12132.766862594955,0.8128335738966699
2022-10-03,germany,236305.94491879197,383930.07098815904,70426.97087346265,198170.448869959,0.7413365355101331,39756.283836208575,36526.8887145911,0.4969535479526072,25257.320462592943,60319.13313270631,0.3885741609629684,12183.55089710288,7131.175159464683,0.46859811142703384
2022-10-10,germany,230361.03751046964,377541.7006751564,68242.96561654826,189136.23232030444,0.7183470064899816,38038.81650085659,34492.689289643684,0.4754852062607074,24977.8623838688,59414.503604959,0.38427480590567387,15921.018663413079,8660.707286383918,0.6123468716697338
2022-10-17,germany,222499.73617038137,383917.95947107626,72161.38221901098,206053.8712530157,0.7595934970422209,42159.07245453133,39575.5592585652,0.5269884056816416,23642.112428007204,55222.99096753457,0.3637248065847262,23455.656199145422,15592.86389615096,0.9021406230440547
2022-10-24,germany,224108.7062507669,370011.27801285463,62677.06784505891,169498.5298500057,0.659758608895357,42053.75462391012,39436.48403294555,0.5256719327988765,21150.217802623287,47933.17016737638,0.3253879661942044,20021.53149049542,11125.96629548402,0.7700589034805931
2022-10-31,germany,212308.29071698876,342909.5082077426,52665.69074877545,141925.64942744764,0.5543756920923731,40886.830683978806,37929.85401437832,0.5110853835497351,22016.96213612456,50396.09559112562,0.3387224944019163,15031.733921875035,8260.233508285828,0.578143612379809
2022-11-07,germany,230069.97287009092,370823.394396345,56636.11009891457,151983.02352756716,0.5961695799885744,39449.65816804236,36155.415861420784,0.49312072710052957,22193.68419093051,50907.44205559275,0.34144129524508476,22473.96906836664,13787.954581486718,0.8643834257064092
2022-11-14,germany,210945.62188286573,355568.3329441661,57224.31213142651,153558.56583239132,0.6023611803308053,43653.44178847933,41608.080111008094,0.5456680223559917,22849.07047258577,52832.09114109809,0.35152416111670415,20895.886668808755,11896.39718563591,0.8036879488003368
2022-11-21,germany,313342.8628440669,511342.62617828127,77559.05677710939,236239.10450573865,0.8164111239695726,53320.88502049775,58428.512722605214,0.6665110627562219,41698.68350971344,142932.6857605941,0.6415182078417452,25421.138026893725,26236.663977346045,0.977736077957451
2022-11-28,germany,399344.5945459971,599773.1671341535,81332.40405951251,265433.2709083173,0.8561305690475001,54590.10381375098,61312.38793894822,0.6823762976718872,39200.37827485933,124712.71951688762,0.6030827426901435,25305.686440033598,24656.009132667332,0.9732956323089845
2022-12-05,germany,340851.06862921023,550513.2178816074,87819.51232726351,354080.16547746514,0.9244159192343527,56123.263225485796,65100.77719091466,0.7015407903185724,40371.9005111995,132857.75082934083,0.6211061617107615,25347.473188448363,25185.31541564388,0.9749028149403216
2022-12-12,germany,276147.4679996862,470344.48088451027,86493.47756900791,328866.23805126984,0.9104576586211359,50407.884410083934,52523.764890115744,0.6300985551260492,34490.82797306773,97478.23312772326,0.5306281226625805,22804.822932664498,14317.896382738349,0.8771085743332498
2022-12-19,germany,297634.92397849634,472149.5970957203,84321.57496043415,297234.60504296387,0.8875955258993069,38967.90348189194,35579.220869564815,0.48709879352364926,29008.11728787282,73526.25818578285,0.4462787275057357,22217.07738702502,13416.990554744041,0.8545029764240392
2022-12-26,germany,281301.09445743874,492803.47280989826,85982.76162275221,320524.9957775463,0.9050817012921285,56342.71080235176,65673.38235448944,0.704283885029397,43473.017113113856,158080.0861300568,0.6688156478940593,25703.888814241694,32926.833226261675,0.9886111082400652
2023-01-02,germany,242122.50676262274,420141.2332565016,80022.74268161609,254237.27434813333,0.8423446598064851,39536.27091691238,36259.96755246234,0.4942033864614047,34520.51516978313,97627.31722433817,0.5310848487658943,23939.19772556723,16841.97607461443,0.920738374060278
2023-01-09,germany,225909.8686647274,394424.2617874688,79356.77942875907,249017.52575892332,0.835334520302727,41736.77207959565,39021.05855227037,0.5217096509949456,29545.506706401804,75601.4484801193,0.4545462570215662,17875.334907984903,9672.042517062964,0.6875128810763425
2023-01-16,germany,234796.19705350115,408316.7651060136,80706.17152285403,259914.2192965508,0.8495386476089898,47107.81454734697,46788.70541015881,0.5888476818418371,24537.88510342631,58010.12145440514,0.37750592466809707,21168.69687888516,12168.729475940625,0.8141806491878908
2023-01-23,germany,233148.56406882015,402502.19097695453,79452.42288769633,249749.44850479194,0.8363412935546982,44292.525183702695,42512.999349360696,0.5536565647962837,22909.802283810775,53012.74543953998,0.3524584966740119,22698.87655292457,14141.087939242416,0.8730337135740218
2023-01-30,germany,235685.27236892964,398417.5168178472,73547.34124658433,212892.86606723585,0.7741825394377297,42586.058429251956,40144.883253802036,0.5323257303656495,23639.81961027463,55215.97708672802,0.3636895324657635,22959.02516280665,14588.663139310016,0.8830394293387174
2023-02-06,germany,226476.2372325811,385824.0295952513,74008.7843865456,215290.5860766573,0.7790398356478484,39662.74935657322,36413.17590809537,0.49578436695716527,25577.479636699147,61367.87963162229,0.3934996867184484,20098.778982852284,11188.65514933856,0.773029960878934
2023-02-13,germany,231125.43533828566,395375.18314187985,75330.06469860245,222532.23567311044,0.7929480494589731,41202.48217200218,38331.32547392083,0.5150310271500272,25073.348762526522,59722.484020086195,0.38574382711579264,22643.85217046308,14052.007300257585,0.8709173911716569
2023-02-20,germany,216229.20114858524,386619.29622177454,79928.33279292146,253479.33014494763,0.8413508715044363,40508.02941898189,37453.78840089368,0.5063503677372736,27401.117494609724,67609.50632779388,0.4215556537632265,22552.615366676197,13908.202790781233,0.8674082833336999
2023-02-27,germany,230020.3662089625,392030.1406102685,74093.06219330331,215735.49931460683,0.7799269704558244,38487.30364961396,35013.2082588521,0.48109129562017455,25019.251255454757,59547.85715189316,0.38491155777622704,24410.157302933978,18483.069550411234,0.9388522039589992
2023-03-06,germany,230575.7242025013,384146.47354808665,70217.29676896057,197262.6846441813,0.7391294396732692,39882.554486830675,36680.95846339481,0.49853193108538346,23347.165167155243,54325.61393196297,0.359187156417773,20123.732922638843,11209.105668902472,0.7739897277938017
2023-03-13,germany,221773.34167831542,386498.15860137646,72076.05669933597,205649.39895592074,0.7586953336772208,41951.23744577725,39301.61261127319,0.5243904680722157,31459.335426258673,83431.14756220623,0.483989775788595,19238.18735168911,10537.452482875444,0.7399302827572735
2023-03-20,germany,206222.23604891842,362741.1146032547,69710.54207385721,195105.8733186702,0.7337951797248128,38937.54605595367,35543.21128722036,0.48671932569942095,28269.140463944328,70753.49710251481,0.4349098532914512,19601.64996058111,10800.491058966803,0.7539096138685043
2023-03-27,germany,269813.51469275076,451974.1722197821,72959.78789669846,209929.69981255892,0.767997767333668,51148.80932370601,53941.38206009355,0.6393601165463251,33439.801795045045,92352.77733854167,0.5144584891545392,24612.25851158181,19393.20503323002,0.9466253273685312
2023-04-03,germany,249323.22534193523,444633.91181349114,84080.65641436003,294256.8572520198,0.8850595412037898,51142.90779615572,53929.87881704005,0.6392863474519465,35490.60479149838,102637.85318116637,0.5460093044845904,24596.51746954174,19316.30972796036,0.9460199026746824
2023-04-10,germany,203906.73093738014,375070.9835082984,82208.3254315805,273729.8298144661,0.8653507940166368,45187.38949361754,43818.88464506925,0.5648423686702193,28112.12709841955,70175.96538051017,0.43249426305260846,15656.410547300693,8538.382361447551,0.602169636434642
2023-04-17,germany,204510.80171967417,374852.48631541606,79061.73736947693,246795.31860568494,0.8322288144155467,44356.945176217334,42605.469119174566,0.5544618147027167,28082.99774534517,70069.25730684264,0.4320461191591564,18840.00430470241,10266.554161501132,0.7246155501808619
2023-04-24,germany,190364.59861817147,356028.6316774187,76491.72873564674,229417.32709421907,0.8051760919541762,43098.25397757251,40839.71647587466,0.5387281747196564,24978.987586579453,59418.12611306693,0.38429211671660696,21095.062759448556,12093.474116558114,0.8113485676710983
2023-05-01,germany,191845.0386756168,353801.8885703644,72350.47853127266,206956.80843831322,0.7615839845397122,45496.862439319215,44281.54685930727,0.5687107804914902,24650.605472202682,58367.63870349909,0.3792400841877336,19458.90345195304,10695.257005451487,0.7484193635366554
2023-05-08,germany,193923.39474501807,362389.82274327776,77877.99563024969,238380.5581152616,0.8197683750552598,42884.84668636893,40548.60769863406,0.5360605835796116,24060.028561924522,56511.54134066625,0.37015428556806956,23643.557119716574,16039.368182941414,0.9093675815275606
2023-05-15,germany,208097.11990255563,370416.5652119593,71745.26914083265,204098.37555832887,0.7552133593771858,43442.70949773258,41314.52977332519,0.5430338687216573,25899.818452369116,62437.4184555304,0.3984587454210633,21231.648218469312,12234.148973495552,0.816601854556512
2023-05-22,germany,190229.47727307258,345901.3623663591,66543.02013777867,182680.52374939114,0.7004528435555649,43261.668466831215,41064.2064982533,0.5407708558353902,22943.678325562938,53113.686949077906,0.3529796665471221,22923.51816311364,14524.825686537048,0.8816737755043708
2023-05-29,germany,201408.63752063594,350690.397869261,64927.409935253236,176941.48393252696,0.6834464203710867,41840.34681011931,39156.282135081216,0.5230043351264914,21030.219092173884,47597.91141053359,0.32354183218729055,21483.78451107863,12506.832524723857,0.826299404272255
2023-06-05,germany,191204.63269060125,346312.3523771165,69526.5826272718,194335.54217482908,0.7318587644975978,40004.575336728616,36830.45742821935,0.5000571917091077,23343.1317982298,54313.41017117052,0.3591251045881507,22233.42992428504,13439.674851192402,0.8551319201648092
2023-06-12,germany,199417.79595670517,356913.99196962523,61074.29051175446,164535.10178019392,0.6428872685447837,49680.938366046474,51182.744233414225,0.6210117295755809,25371.570271731,60691.8514316588,0.3903318503343231,21369.396863388145,12380.937316749318,0.8218998793610824
2023-06-19,germany,197747.90084289524,342085.80575146014,53526.02724576091,144026.5363537186,0.5634318657448517,42207.42231596896,39639.58400906659,0.527592778949612,25560.219380324976,61310.99846453943,0.39323414431269194,23044.235966510027,14745.725384448333,0.8863167679426933
2023-06-26,germany,189196.5639260863,316863.10269865114,43883.95365137607,122356.25177650408,0.4619363542250112,39677.33886826915,36430.88976907294,0.49596673585336437,22980.0345899454,53222.157149316175,0.3535389936914677,21125.211662974205,12124.124638123665,0.8125081408836233
2023-07-03,germany,199686.697956033,338437.15347179596,48441.59024982124,132134.08722480276,0.5099114763139078,43168.05484430541,40935.43668285952,0.5396006855538176,25537.002934150452,61234.55052727408,0.39287696821769924,21603.8074874859,12643.087858563777,0.8309156725956116
2023-07-10,germany,193796.23701650105,325189.710578865,43616.96092917574,121803.84936274754,0.45912590451763935,43187.48479398989,40962.126222612336,0.5398435599248737,23162.29643755809,53768.11331342759,0.3563430221162783,21426.731401640292,12443.57097420619,0.824105053909242
2023-07-17,germany,199275.3567742807,323997.9053603121,44729.270537729506,124118.75734639283,0.4708344267129422,37415.922494744314,33781.610774587396,0.46769903118430395,22564.04088344292,51989.50666914641,0.3471390905145065,20013.31467011467,11119.352235923645,0.7697428719274872
2023-07-24,germany,210875.1854197753,354190.81147040834,55251.18417376019,148365.77371055065,0.5815914123553705,45428.927466415684,44179.48322370291,0.567861593330196,21344.435825587178,48478.69038545435,0.3283759357782643,21291.07858487,12296.854390935438,0.8188876378796154
2023-07-31,germany,208424.17634363958,353803.1847418301,51900.2458527454,140089.18749025383,0.54631837739732,42512.757279027785,40046.51499034795,0.5314094659878473,26919.905331668127,65916.3130287285,0.4141523897179712,24046.099934749232,17169.173548546394,0.9248499974903551
2023-08-07,germany,227290.14506001197,369484.9047318507,55747.50683944888,149647.70078560716,0.5868158614678829,38331.859981413254,34831.97206968056,0.4791482497676657,27255.906223073107,67094.92470651362,0.4193216342011247,20859.486627903534,11861.35574218267,0.802287947227059
2023-08-14,germany,223153.47170952585,372316.4944506037,54489.338969032535,146427.83841082876,0.5735719891477109,45888.799758869936,44875.98662202713,0.5736099969858742,27362.320481721727,67471.71064191959,0.4209587766418727,21422.56353145373,12438.986462669838,0.8239447512097587
2023-08-21,germany,309883.29869127425,514747.55932119896,81331.90353888574,265428.7294549042,0.8561253004093237,57296.87385548573,68260.74984534668,0.7162109231935716,40763.163392420116,135729.19414865176,0.6271255906526172,25472.31984313313,27077.040998561035,0.9797046093512742
2023-08-28,germany,288448.25069477747,502991.8892255351,87120.93030223995,340083.68069809186,0.9170624242341048,53283.10813300077,58345.84801691155,0.6660388516625096,48584.764592064355,217382.28008399633,0.74745791680099,25554.83550345254,28687.06694369238,0.9828782885943285
2023-09-04,germany,285758.24796182016,501713.85120020533,86773.87680928291,333736.9435598212,0.913409229571399,61564.59113057964,82273.44732169798,0.7695573891322455,42372.56279176134,148441.19880288342,0.6518855814117129,25244.572506761306,23953.025040663015,0.9709450964138964
2023-09-11,germany,228703.08810073632,413684.0919441475,83445.33173336877,286803.5965462691,0.8783719129828291,49913.991738583645,51607.485540294,0.6239248967322956,33735.26161415041,93764.34401510551,0.5190040248330833,17886.41875730832,9678.444384863258,0.687939182973397
2023-09-18,germany,236220.55443490637,412670.1182950245,83012.20378159276,282025.1274871219,0.8738126713851869,44037.889656455096,42149.75918983096,0.5504736207056887,28085.848641003657,70079.69484616809,0.43208997909236396,21313.62178106662,12320.885740696736,0.8197546838871778
2023-09-25,germany,243318.2388587407,411671.10584112885,80700.21921309906,259863.27132665346,0.8494759917168322,48402.38918271133,48934.58547326963,0.6050298647838916,24506.780348711734,57911.73916554279,0.37702738998018054,14743.47823786602,8136.429574569069,0.5670568553025392
2023-10-02,germany,222121.65762613143,385373.405392019,73886.32473845528,214648.00590128088,0.7777507867205818,44283.516239879085,42500.08631826338,0.5535439529984886,22245.24938037024,51057.24782621802,0.34223460585184984,22836.657407182964,14372.447350018572,0.8783329771993448
2023-10-09,germany,245865.79983893383,407097.64069649053,74162.50126744219,216103.7386905505,0.7806579080783388,42729.629432000795,40338.32137979211,0.5341203679000099,23049.638051782535,53430.22235572744,0.35460981618126974,21290.072106331223,12295.784655204343,0.8188489271665855
2023-10-16,germany,261296.5731645573,412479.6559242093,67212.06774883253,185166.82398795168,0.7074954499877109,40186.40216798549,37054.362448950444,0.5023300270998187,21292.263082104695,48331.7925527977,0.32757327818622606,22492.34976072923,13815.760816803626,0.8650903754126628
2023-10-23,germany,240355.7793451302,402559.7499011826,74762.1271733994,219347.90073937905,0.7869697597199938,44192.0812976771,42369.28442989731,0.5524010162209637,24425.450408832734,57655.05329133681,0.3757761601358882,18824.31167614315,10256.215475492963,0.7240119875439672
2023-10-30,germany,246951.15524350738,409295.28081756865,76711.24673677319,230779.24255586087,0.8074868077555072,44574.246080959325,42919.12057007389,0.5571780760119915,25002.992020407633,59495.444663314214,0.384661415698579,16055.640735921092,8724.065195394827,0.6175246436892727
2023-11-06,germany,253998.00030055566,418781.96924226615,74697.1884162133,218990.86344688068,0.7862861938548769,43036.599900776084,40755.37600664052,0.537957498759701,26432.880031332763,64237.11781313694,0.4066596927897348,20617.30059338835,11635.342779549497,0.7929730997457058
2023-11-13,germany,243508.38175188197,403401.5952779929,72401.82247012138,207203.5540440075,0.7621244470539092,39892.58908403088,36693.229900708655,0.498657363550386,27153.781338459172,66734.92374689129,0.4177504821301411,20445.0206334995,11481.632926732318,0.7863469474422884
2023-11-20,germany,325918.05295476445,525050.8617501988,80185.97304276167,255562.3521915474,0.8440628741343333,55329.72430790126,63095.329634138325,0.6916215538487658,38985.22436854898,123285.86253013066,0.5997726825930613,24631.887076222396,19490.68953067838,0.9473802721623998
2023-11-27,germany,409555.37258007994,618759.37937402,87515.8115404084,347779.1096222898,0.9212190688464041,56759.73618932733,66784.20406243899,0.7094967023665916,39793.47152179108,128754.46804556515,0.6122072541814012,25134.987542413357,22862.34256689446,0.9667302900928214
2023-12-04,germany,350617.41890759964,564356.9564981838,87778.70148291433,353212.6986957577,0.9239863313990981,53222.7395185448,58214.11049005809,0.66528424398181,46938.86332260995,195060.60092773385,0.7221363588093839,25799.23326651512,37526.69399616398,0.9922782025582738
2023-12-11,germany,307780.1722956449,496666.939592615,85248.92500704403,309586.01458538405,0.8973571053373056,40555.72852910918,37513.39673505279,0.5069466066138648,39022.72478456409,123533.09232309401,0.6003496120702168,24059.388976252838,17211.44461370119,0.925361114471263
2023-12-18,germany,313104.7281353686,494382.3896929169,84026.79580515462,293603.0104684822,0.8844925874226801,44390.40582018589,42653.591502570474,0.5548800727523236,29855.304460935946,76821.2582149201,0.4593123763220915,23005.15547127183,14673.00010810969,0.8848136719719936
2023-12-25,germany,287185.87554163043,478427.32182011916,84855.67672449037,304165.4601666655,0.8932176497314777,46439.30546966476,45727.49336132858,0.5804913183708095,34582.291876634576,97938.33574094853,0.5320352596405319,25364.17220769905,25409.474640043387,0.975545084911502
2021-01-04,japan,175335.69715081755,229253.6438998338,2142.7751394898564,33209.550829139174,0.025209119288115957,27481.66115846207,26384.612306770945,0.392595159406601,8802.893733844126,20789.862677593144,0.15177402989386424,15490.616717220213,7886.140807687517,0.7041189416918279
2021-01-11,japan,162807.01460248054,214219.74106276804,2733.785902924434,36713.155238103194,0.032162187093228635,25681.5674043007,24531.890169690232,0.3668795343471528,9530.493058624961,22489.804309949504,0.1643188458383614,13466.880094437376,6877.141403538575,0.6121309133835171
2021-01-18,japan,148557.1522712436,213732.48325164733,6941.440750658643,54427.21988727109,0.08166400883127815,27760.574970363145,26679.635697091187,0.3965796424337592,11142.891377996897,26351.097775005517,0.19211881686201546,19330.423881385028,11427.588554770053,0.8786556309720467
2021-01-25,japan,163922.19080159528,246744.4215394412,27366.4200458042,106370.56647038338,0.3219578828918141,26515.30346996289,25379.303233148887,0.37879004957089846,12386.662798702891,29432.834815806986,0.21356315170177398,16553.84442337593,8556.402010576772,0.7524474737898149
2021-02-01,japan,172061.13804260726,269882.63408416585,35937.34149775534,126509.30304579201,0.42279225291476874,28895.789927861042,27904.34068976927,0.41279699896944344,12853.221557341507,30615.009159988243,0.221607268230026,20135.14305860071,13055.433747095936,0.9152337753909415
2021-02-08,japan,157588.4059580348,253608.39103396595,39364.89144099556,135060.54673024567,0.4631163698940654,25782.40021683593,24633.43880448726,0.3683200030976561,12875.54563665214,30671.953427248438,0.22199216614917483,17997.14778144752,9749.139420215814,0.8180521718839782
2021-02-15,japan,163315.17464484664,272223.7070463193,48356.7606628669,160099.45440286052,0.5689030666219635,27455.103636529064,26356.63732901715,0.39221576623612947,13981.834673024787,33539.52374075167,0.2410661150521515,19114.833429051927,11093.998799393483,0.8688560649569058
2021-02-22,japan,158145.31354769203,269033.70469917404,50033.08173015277,165365.3344021876,0.5886244909429738,29766.616158509252,28871.42325719288,0.4252373736929893,13437.219402225406,32116.45798513153,0.23167619659009323,17651.473860594575,9422.537374633288,0.802339720936117
2021-03-01,japan,174218.0087090131,285971.01724276063,56759.10668048827,189438.11512394776,0.6677541962410385,25923.54930060607,24776.016818882053,0.37033641858008676,11666.295923432717,27636.09499128418,0.20114303316263304,17404.056629220435,9206.901822318983,0.7910934831463834
2021-03-08,japan,166305.64373291694,282877.85272961215,58913.92221354377,198485.22145613813,0.693104967218162,26041.83133654252,24895.88349571086,0.37202616195060745,15355.895327684597,37235.7542731072,0.264756815994562,16260.560118924335,8358.151441911496,0.7391163690420153
2021-03-15,japan,163255.88603622143,289013.01327282353,64246.377536234744,225167.86437764825,0.7558397357204087,27158.22970663448,26045.27546796597,0.3879747100947783,16857.727903393756,41467.2921632472,0.2906504810929958,17494.792090339095,9284.379593895725,0.7952178222881408
2021-03-22,japan,160436.30569055592,282190.4719293565,61709.38294089565,211579.0188917574,0.7259927404811253,24291.238344150886,23156.507318224383,0.34701769063072696,17756.366035245635,44105.63908724216,0.3061442419869937,17997.178918508434,9749.170321326228,0.8180535872049288
2021-03-29,japan,182882.20328429242,337321.70247354737,73351.16961573322,299126.1656594978,0.862954936655685,39708.756767762214,42275.20448515234,0.5672679538251745,20857.19513926279,53921.799440047565,0.35960681274591016,20522.37766649672,14198.516879956951,0.9328353484771236
2021-04-05,japan,173735.45026022004,339758.07816784945,73508.99553371347,301021.4984939758,0.864811712161335,43625.97919008482,49364.96324662325,0.6232282741440689,27826.21812553539,81526.8011788899,0.4797623814747481,21061.43505829573,16660.810173621394,0.9573379571952605
2021-04-12,japan,137239.72603671165,277785.75878116844,68375.00172562845,252266.05285072076,0.8044117850073935,31556.905426324804,30942.61174048738,0.4508129346617829,22943.35440842682,61261.20004997995,0.39557507600735897,17670.771184076686,9439.954334019098,0.8032168720034858
2021-04-19,japan,126337.18003385654,263697.6939910718,70893.01471891554,273320.501007707,0.8340354672813594,28718.166986482196,27710.09947896633,0.4102595283783171,17337.302557983036,42864.83499268726,0.2989190096203972,20412.02969383445,13836.816363774094,0.9278195315379295
2021-04-26,japan,142339.3818295793,272948.6153746344,67369.5672793347,244954.16589473054,0.7925831444627612,28924.308726133357,27935.62082678302,0.41320441037333366,16289.612455772405,39841.481224659175,0.28085538716848973,18025.745083814654,9777.640698925306,0.8193520492643024
2021-05-03,japan,141354.96176371712,270017.07316319284,66251.76164513011,237410.16025111565,0.7794324899427073,27099.824847891767,25984.3107589141,0.38714035496988236,15578.954638207477,37851.01171720514,0.268602666175991,19731.57026824633,12147.87585467542,0.8968895576475605
2021-05-10,japan,146477.62443404912,277797.517272396,62629.030445557255,216292.2049898034,0.7368121228889088,30935.490279062185,30210.367330723355,0.4419355754151741,20170.74312811255,51644.6229320005,0.3477714332433198,17584.62898561493,9362.896909128589,0.7993013175279514
2021-05-17,japan,147917.72646748737,278827.2148437998,56662.73713356309,189051.60800931993,0.6666204368654481,34072.29583362391,34068.593967645575,0.48674708333748445,22264.818963202528,58800.72600215794,0.3838761890207332,17909.63644592289,9663.397826502765,0.8140743839055858
2021-05-24,japan,147021.23969810095,260592.90463873127,53750.36528982971,177999.63238974375,0.6323572387038789,28920.16905605508,27931.078725057116,0.4131452722293583,16179.777126058048,39530.763000225445,0.2789616745872077,14721.353468687481,7470.000131494365,0.6691524303948855
2021-05-31,japan,126206.9417517824,256516.7601626251,60858.95386282421,207411.04235555825,0.7159876925038142,30741.64770248353,29984.92530454191,0.4391663957497647,22551.333782515125,59830.64000191756,0.38881609969853664,16157.883063019855,8291.370286075877,0.7344492301372662
2021-06-07,japan,131738.7328714105,255708.47725530592,59960.59352832964,203189.50510028237,0.7054187473921134,28915.445677721913,27925.896837802888,0.41307779539602735,17442.239100924773,43173.79825112463,0.30072826036077194,17651.466076919063,9422.530367659316,0.8023393671326847
2021-06-14,japan,139395.5625678716,259121.59244583803,50765.075783663706,167742.37301305705,0.5972361856901612,30447.659866821064,29645.634245625966,0.4349665695260152,18764.62800164162,47169.925547621926,0.323528068993821,19748.666225840036,12182.063721433817,0.8976666466290926
2021-06-21,japan,157403.6639324245,277399.544920989,47758.129996845855,158274.46303343042,0.5618603529040689,34624.85028402911,34793.59742456411,0.494640718343273,19349.01431593478,48999.90789434906,0.3336036951023238,18263.886391754753,10024.88224969175,0.8301766541706705
2021-06-28,japan,137200.99806849958,265351.4286192884,60760.95024752154,206941.74278529518,0.714834708794371,32137.126964039533,31639.910381412104,0.45910181377199333,15679.343666382856,38129.36807395541,0.2703335114893596,19573.009672844826,11845.446281115,0.889682257856583
2021-07-05,japan,150855.17729598703,267978.4572160847,56338.70010382365,187762.51376762768,0.6628082365155723,25038.220839930156,23889.82164513436,0.3576888691418594,16921.747390238383,41652.50023654445,0.2917542653489376,18824.611586105497,10690.498621744677,0.8556641630047953
2021-07-12,japan,141787.1872542396,254894.71265419776,46851.840055762,155562.79526106495,0.5511981183030823,30194.216247504508,29355.62358458071,0.43134594639292156,16178.842061058593,39528.12267115079,0.2789455527768723,19882.627035633057,12461.78841662706,0.9037557743469571
2021-07-19,japan,141088.55815437224,271406.8383620692,61434.40843341863,210212.16696131008,0.7227577462755133,33669.99409055833,33549.90567947039,0.4809999155794047,17350.647194492052,42904.06151050942,0.2991490895602078,17863.230489227994,9618.805251440699,0.8119650222376361
2021-07-26,japan,157895.3013594566,286572.1815544026,61140.82742300834,208773.26764477018,0.7193038520353923,29887.73940295773,29007.939142795636,0.426967705756539,17157.782627356668,42338.93320631365,0.29582383840270116,20490.530741623224,14090.65616119298,0.9313877609828739
2021-08-02,japan,146262.94018055795,273405.47881190974,57316.603482856735,191703.01564687822,0.6743129821512557,32933.67650240219,32619.707176936103,0.4704810928914598,19461.265645870837,49356.163889300544,0.33553906285984203,17430.99300022204,9229.7160618353,0.7923178636464563
2021-08-09,japan,156592.87055021446,271381.7394355898,52624.31847852896,174016.94558024692,0.6191096291591642,28425.186436448665,27391.864632278615,0.40607409194926664,17867.96909623037,44439.25290565664,0.30806843269362705,15871.394874167358,8111.591249632024,0.7214270397348799
2021-08-16,japan,160865.49724712336,274883.48968033586,57661.54686497696,193129.87342568682,0.6783711395879642,25185.883735558953,24036.311716789227,0.3597983390794136,16641.915095542587,40845.95973360739,0.2869295706128032,14528.646737133982,7372.761807979999,0.6603930335060901
2021-08-23,japan,218787.94471141088,376098.6249831852,62266.12643074832,214405.478797336,0.7325426638911567,42684.74087447919,47528.17503607177,0.6097820124925598,30651.226242769215,95911.72447190977,0.5284694179787796,21708.586723777586,24853.962853846315,0.9867539419898902
2021-08-30,japan,215031.29962544303,384169.85679042595,75144.32259527598,322915.1291650025,0.8840508540620704,39360.12837877569,41707.99368335171,0.5622875482682241,33094.74297385128,110535.9014356216,0.5705990167905394,21539.36321707996,21280.39349639606,0.9790619644127255
2021-09-06,japan,184493.37390907732,360898.3823698147,77375.18705108954,362037.4710274091,0.9102963182481122,43367.63201469931,48851.38412762869,0.6195376002099902,34528.97216433946,120315.89023410535,0.5953271062817148,21133.21723060901,17128.00134439486,0.9606007832095005
2021-09-13,japan,176092.021749975,333325.49884458736,74435.80100568579,312883.47942513716,0.8757153059492445,37021.88721506436,38123.67501587879,0.528884103072348,25814.77861544521,72575.48672515122,0.44508238992146915,19961.010258416987,12636.032419461495,0.9073186481098631
2021-09-20,japan,168148.2881823717,303890.36949040403,70971.96988025421,274056.8005775192,0.8349643515324026,26353.44745505471,25213.390426873542,0.37647782078649583,19441.989856781212,49294.876860715114,0.33520672166864157,18974.67411594224,10893.203744430042,0.8624851870882837
2021-09-27,japan,175417.3808334917,304498.52389607806,66515.27035485308,239137.57362574787,0.7825325924100364,25564.160853062865,24413.96735158524,0.3652022979008981,16790.986404103933,41274.6465240743,0.28949976558799884,20210.725450566468,13253.27506933429,0.9186693386621122
2021-10-04,japan,175406.362393263,299081.24311394355,66833.26710589323,241263.07557154464,0.7862737306575674,26170.674601918286,25026.858799959926,0.3738667800274041,15437.028470534675,37459.028296931414,0.2661556632850806,15233.910542334352,7741.874512938924,0.692450479197016
2021-10-11,japan,174672.08646816725,298931.0901641799,60304.17952701919,204783.09235826667,0.7094609356119904,29296.677226472617,28346.444352168073,0.41852396037818024,18045.534164347704,44972.8469946946,0.3111298993853052,16612.612778173152,8597.552225253994,0.7551187626442342
2021-10-18,japan,183744.6108541574,300217.8851063374,51425.82867269194,169931.9002565779,0.6050097490904934,29001.017858006606,28019.88615135265,0.41430025511438007,19665.12618433826,50007.171007583645,0.33905389972997,16381.301537143188,8438.381036906278,0.7446046153246904
2021-10-25,japan,165583.4300283252,284320.62824314984,53611.85492878475,177501.72926159177,0.6307277050445265,34619.69449244785,34786.763450725084,0.4945670641778264,17814.14446413223,44278.18695423168,0.30714042179538326,12691.504329459825,6549.87139546664,0.5768865604299921
2021-11-01,japan,174065.36382975703,303299.1890338859,55278.09205274285,183651.74506352138,0.6503304947381512,34258.490120111936,34311.24455336759,0.48940700171588475,20883.342843920356,54009.81289806274,0.36005763524000617,18813.900187353738,10676.479208810973,0.8551772812433518
2021-11-08,japan,184021.62494128064,311562.10040308704,55536.10486344213,184636.95016745612,0.6533659395699074,32794.823363080424,32446.97438942438,0.4684974766154346,22020.37199301826,57932.20012810505,0.37966158608652173,17189.175242265603,9030.256223178301,0.7813261473757093
2021-11-15,japan,174030.4587705166,299299.0217558443,55304.24310914916,183751.18009921964,0.6506381542252843,31449.86704366851,30815.428524024388,0.44928381490955016,19882.88401748685,50708.35143530675,0.3428083451290836,18631.568815023173,10446.291831657953,0.8468894915919624
2021-11-22,japan,229351.35001928065,383837.3543271972,62674.62135648044,216531.79175028385,0.7373484865468287,44754.280533145975,51697.65067784827,0.6393468647592282,25328.702944103603,70548.13145177523,0.436701774898338,21728.39947418648,25451.92389948068,0.987654521553931
2021-11-29,japan,320375.8305163045,493207.1201294941,73384.46222657262,299523.1767341725,0.8633466144302662,43001.019408094755,48134.94858012323,0.6143002772584965,35234.08978591562,125510.02090925812,0.6074843066537176,21211.71819260668,17700.53340987007,0.9641690087548491
2021-12-06,japan,262002.58045798866,439247.09706391505,74601.16950917304,315143.94711846474,0.8776608177549768,47717.722737258286,58638.971729360725,0.6816817533894041,33916.1878981525,116015.19444235259,0.5847618603129742,21009.436461342546,16350.54604116551,0.9549743846064794
2021-12-13,japan,226573.89603814896,374410.94579293934,70008.53221815947,265416.08695582265,0.8236297908018761,32459.48654283737,32033.216380284957,0.46370695061196243,26707.95632598345,76433.83403589354,0.4604820056204043,18661.07466781009,10482.500383346345,0.8482306667186404
2021-12-20,japan,221495.13509798193,360978.52700361656,65201.922518660525,230812.57605630567,0.7670814413960062,33752.107365466865,33655.161310610434,0.4821729623638124,21393.12607506634,55745.058577282645,0.3688470012942472,19136.235946440895,11125.716783868407,0.8698289066564043
2021-12-27,japan,216539.80290665964,390652.8699445621,79828.10030489841,428160.694031304,0.9391541212340989,47675.89438506195,58531.471533638454,0.681084205500885,25882.039898901734,72859.94297926445,0.4462420672224437,20727.032449040344,14971.36862918728,0.9421378385927429
2022-01-03,japan,171020.8969486425,319535.9027189023,76021.22465408109,336737.6043230545,0.8943673488715422,35965.788647862304,36617.51375222901,0.5137969806837472,19182.73044234448,48475.00964165197,0.33073673176456,17345.262025971882,9157.637493186076,0.7884210011805401
2022-01-10,japan,187597.98220047183,331364.5955793865,73452.56052486609,300339.8872725684,0.8641477708807774,31501.342806344164,30876.536543171238,0.45001918294777377,19719.968333504683,50183.19496203879,0.3399994540259428,19092.741714199747,11061.562205593318,0.8678518960999885
2022-01-17,japan,178695.53213470866,313198.88365919585,66845.61176962398,241346.51322705648,0.7864189619955763,32356.58269846896,31907.197429120934,0.4622368956924137,16952.28421363856,41740.98841948087,0.2922807623041131,18348.87284275571,10117.713637264462,0.8340396746707142
2022-01-24,japan,176952.16557950765,302421.53154941736,62638.13136219033,216339.9853247968,0.7369191924963568,23285.421425503417,22188.47053704605,0.3326488775071917,26426.77373921895,75199.97404566563,0.4556340299865336,13119.039442997018,6727.219597519295,0.5963199746816826
2022-01-31,japan,182831.9722259977,305172.2415950173,57463.9911618152,192310.25028383848,0.6760469548448846,30664.358332056778,29895.42170298619,0.4380622618865254,20151.86134386789,51582.87812932361,0.3474458852391016,14060.058531279747,7146.249612863436,0.6390935696036248
2022-02-07,japan,184680.42866753732,298740.84033471276,47470.691186081,157407.8949616373,0.5584787198362471,30708.08115188485,29946.027330043235,0.438686873598355,16412.980199535312,40191.857284274694,0.2829824172333674,19468.659129674288,11659.592597236848,0.8849390513488313
2022-02-14,japan,180372.4362456697,297635.819960698,49446.29663438469,163494.8531318995,0.5817211368751141,30953.258624720453,30231.101826504142,0.4421894089245779,18400.51013634208,46050.06673503442,0.3172501747645186,18463.31831958108,10246.907928054045,0.83924174179914
2022-02-21,japan,189189.09771743175,306992.30700658646,46178.278733808875,153585.3164472545,0.543273867456575,33441.09161256788,33258.12335218713,0.47772988017954116,22059.373531107598,58070.15430975354,0.38033402639840685,16124.465411670359,8269.911938961499,0.7329302459850163
2022-02-28,japan,179433.21966659743,284523.25071989786,36672.36872206395,128310.4111859443,0.4314396320242817,31523.28058223109,30902.610634867775,0.4503325797461584,19977.042099212365,51013.42022691252,0.34443176033124767,16917.339649793015,8819.322672430131,0.7689699840815006
2022-03-07,japan,188951.514583039,300580.98372326104,46088.14349559302,153323.03959546232,0.5422134528893297,27959.091541138776,26890.996637365726,0.3994155934448397,20203.88217709209,51753.10342312432,0.34834279615676017,17378.35192639812,9185.274600593713,0.789925087563551
2022-03-14,japan,181092.94639621762,303051.6475989742,57378.43952567516,191957.3405526568,0.675040465007943,30306.772029309937,29484.13775248921,0.4329538861329991,15628.706924345492,37988.8498178853,0.2694604642128533,18644.782723425975,10462.459701636863,0.8474901237920898
2022-03-21,japan,170683.03753281766,296368.85993628105,63893.59481391031,223162.7663039317,0.751689350751886,31453.76195163399,30820.048663663234,0.44933945645191414,15470.75291309646,37552.00816390547,0.26673711919131826,14867.712724822613,7545.592550736712,0.6758051238555733
2022-03-28,japan,201212.67823405119,361659.6286909467,71583.58944398772,279946.7101480445,0.8421598758116201,44631.36361172889,51436.12905034426,0.6375909087389842,23856.407172742664,64693.386666271996,0.41131736504728733,20375.59022843619,13724.39178986449,0.926163192201645
2022-04-04,japan,182895.02960762047,349207.5763425522,73936.20491986167,306327.3176234238,0.869837704939549,46643.4521384404,55970.7264518935,0.6663350305491486,24509.29582622872,67238.62635817623,0.42257406596946073,21223.59385040098,17793.643793621664,0.9647088113818627
2022-04-11,japan,169847.06810390478,321982.29908167943,73670.69122678485,302998.89725287113,0.866714014432763,38406.69175808853,40201.98086827998,0.5486670251155504,21501.567593475713,56119.005132078484,0.370716682646133,18556.28039942556,10355.616379769193,0.84346729088298
2022-04-18,japan,161792.0154858502,300818.0095465591,74575.0726331993,314784.0902817643,0.8773537956846977,30032.410683658716,29171.6559221004,0.42903443833798166,15871.102747669775,38663.62294369182,0.2736397025460306,18547.40799618104,10345.088909064121,0.8430639998264109
2022-04-25,japan,142961.16856231098,278153.8801315378,73645.06749171826,302683.0895910093,0.8664125587260972,31954.90737089893,31419.47089393927,0.4564986767271276,14464.968271383043,34821.34593026073,0.24939600467901799,15127.768435226595,7683.880466026548,0.6876258379648452
2022-05-02,japan,155277.3207313848,292630.51200385543,68156.6443305722,250631.90066325074,0.8018428744773201,35941.61595643521,36583.78447359959,0.5134516565205031,15438.157934788356,37462.140643967454,0.2661751368066958,17816.773050674838,9574.750066850447,0.80985332048522
2022-05-09,japan,150395.23565260653,277578.9006304225,65041.437369419866,229841.7200116656,0.7651933808167043,27689.58115141042,26604.328210683336,0.39556544502014884,15272.971626865574,37008.153505929964,0.2633270970149237,19179.674830120144,11191.00074571602,0.8718034013690974
2022-05-16,japan,168752.46067619373,300310.9949320684,63247.18097924815,219591.11605676098,0.7440844821088017,31667.98005587686,31075.063682749915,0.4523997150839551,18115.410834648254,45183.78317175519,0.3123346695629009,18527.962386101364,10322.129866461628,0.8421801084591529
2022-05-23,japan,141639.0229229629,262997.28458918596,54311.850390808635,180042.10171820436,0.6389629457742192,30077.659340822895,29223.010165088235,0.42968084772604137,19113.556976642107,48257.64416848752,0.32954408580417427,17855.1949579494,9611.143659537927,0.8115997708158819
2022-05-30,japan,143460.324100261,267458.7659498486,55118.52434748251,183047.0490538479,0.6484532276174413,30454.106518118253,29653.040852113823,0.43505866454454645,21108.68269437452,54772.283070114136,0.36394280507542276,17317.128289612294,9134.317653605907,0.7871421949823769
2022-06-06,japan,164236.61029585425,299319.79410828906,68824.59940889331,255717.21994123238,0.8097011695163918,28937.41087865526,27950.00028631327,0.41339158398078946,21625.25451503554,56547.632105228826,0.37284921577647484,15695.919009850733,8005.895078706599,0.7134508640841243
2022-06-13,japan,167206.99346053225,305391.81813541334,67259.13992010946,244182.8570630799,0.7912839990601113,30948.91416975398,30226.031046387507,0.4421273452821997,22914.204356502203,61153.95940818394,0.3950724889052104,17062.566228515436,8930.366064556396,0.7755711922052471
2022-06-20,japan,151988.5630006819,299650.7304150172,69688.37659264432,262700.0520544584,0.8198632540311096,37895.87183283161,39420.93650115215,0.5413695976118802,20747.291492825014,53552.90065057255,0.35771192229008647,19330.62749603437,11427.919230191088,0.8786648861833805
2022-06-27,japan,139023.517856317,273301.4982832264,66464.14325327467,238800.05033447655,0.7819310970973491,29767.729186128865,28872.675452851585,0.4252532740875552,20451.980548785235,52569.87983481016,0.35262035428940064,17594.127438720647,9371.307167955883,0.799733065396393
2022-07-04,japan,167629.8831724265,294842.9515027613,62552.290682123574,215890.23086155363,0.7359093021426303,28160.15193027446,27106.254959233964,0.4022878847182066,20867.366028105516,53956.02344358887,0.359782172898371,15633.259689831235,7968.912187306234,0.710602713174147
2022-07-11,japan,147072.69252307148,271920.25526673585,61010.39169439313,208140.5883622351,0.7177693140516839,27473.073037114762,26375.563612231083,0.3924724719587823,20190.185544459215,51708.250037592945,0.34810664731826235,16173.912467697262,8301.710800622477,0.7351778394407846
2022-07-18,japan,154064.60572756876,282285.2817187424,54715.580331097706,181535.35423343818,0.6437127097776201,37176.05139637725,38349.044396209276,0.5310864485196749,18693.46933733678,46949.867142187206,0.3223011954713238,17635.574926361915,9408.255417404409,0.8016170421073597
2022-07-25,japan,170138.17108558497,285348.7362446969,48256.476135220604,159791.78032490853,0.5677232486496542,32047.758816572717,31531.629384059786,0.4578251259510388,18166.490284114294,45338.31943598562,0.31321534972610854,16739.83992320435,8688.384238872208,0.7609018146911067
2022-08-01,japan,188267.3548234658,313055.419519294,57391.564639082586,192011.4040885925,0.675194878106854,32297.057851088255,31834.502624856614,0.4613865407298322,16911.427089076053,41622.61579839596,0.2915763291220009,18188.01511658128,9944.118356417628,0.8267279598446036
2022-08-08,japan,175814.52065272297,308115.17929376825,63355.68782615033,220181.7118110761,0.7453610332488274,31216.136563981152,30539.246058806868,0.4459448080568736,19308.67910435562,48872.27366338784,0.33290826041992444,18420.155146558158,10197.599041672918,0.8372797793890071
2022-08-15,japan,183391.21517302,307370.2207196872,56531.03296460141,188525.71651040533,0.6650709760541342,29379.580044088052,28438.523128163026,0.41970828634411506,19090.945827217784,48186.71788969612,0.3291542384003066,18977.446710759934,10897.064224064388,0.8626112141254516
2022-08-22,japan,241114.96217894048,407531.1613710434,73194.76100919353,297280.62186780525,0.861114835402277,44176.55956065311,50484.50638601744,0.6310937080093302,27495.45159144154,79988.3830598031,0.4740595101972679,21549.42703081473,21441.003297061277,0.9795194104915788
2022-08-29,japan,261763.95591534564,441809.3686371059,74593.60357065509,315039.4961052893,0.8775718067135893,53502.33618502354,77328.53576794718,0.7643190883574791,30402.662796104225,94547.57747548158,0.5241838413121418,21546.810169977456,21398.788312615743,0.9794004622717025
2022-09-05,japan,224352.58323247172,404465.5980372485,76787.58573370431,350374.5727343935,0.9033833615729919,52354.30097791453,72875.56270329804,0.747918585398779,30110.23736148221,92968.9311030799,0.5191420234738312,20860.8907316757,15569.597783453217,0.9482223059852591
2022-09-12,japan,192721.7707788078,347564.70479813183,74317.84993128516,311299.41182366206,0.8743276462504137,36517.30275607613,37395.99502014757,0.5216757536582305,27009.634676411977,77777.9899807759,0.4656833564898617,16998.14665555079,8880.65731203942,0.7726430297977632
2022-09-19,japan,209116.90477794586,358528.8007849209,73162.95349841774,296909.2073264111,0.86074062939315,35605.17934323737,36117.66576552651,0.5086454191891052,23422.873110114753,63045.78964317682,0.4038426398295647,17220.890055205167,9055.750111857546,0.782767729782053
2022-09-26,japan,183698.7384364583,320520.14599679795,69716.44432373987,262935.26977702987,0.8201934626322338,30934.75437941317,30209.508837432455,0.4419250625630453,19664.08323893714,50003.82720275519,0.33903591791270926,16506.12561824943,8523.351116927484,0.7502784371931559
2022-10-03,japan,205120.64856443056,340017.22890489025,71120.02657484052,275451.93377952545,0.8367061949981238,27143.95907426741,26030.37061856244,0.3877708439181059,21807.401274917927,57182.98555462484,0.37598967715375736,14825.193416433807,7523.47177179017,0.6738724280197185
2022-10-10,japan,189515.1941758193,328779.00467309554,68308.26601696125,251763.7727140888,0.8036266590230735,35277.664272425936,35669.75965658217,0.5039666324632277,19495.61387174993,49465.48777059239,0.3361312736508609,16182.266336139113,8307.112186411876,0.735557560733596
2022-10-17,japan,199041.665136705,336102.90117431304,66905.22637252965,241750.439030213,0.7871203102650547,37148.78650226338,38309.0808843938,0.530696950032334,16716.99664868068,41061.59789420516,0.28822408014966694,16290.226514134312,8377.690660222377,0.7404648415515597
2022-10-24,japan,196705.39667594465,331904.24659286335,60747.44414532487,206877.2402905589,0.7146758134744102,37189.98737999238,38369.48865757235,0.5312855339998912,21388.871540474775,55730.42234745363,0.3687736472495651,15872.546851126657,8112.295810404087,0.7214794023239389
2022-10-31,japan,191337.38482378208,330396.1750479184,70460.87855013326,269381.9368827953,0.8289515123545089,32582.886498853968,32184.92034409843,0.4654698071264853,19429.546011230796,49255.33632697268,0.33499217260742753,16585.479163918284,8578.491073918296,0.7538854165417401
2022-11-07,japan,191484.5062150754,330269.2709559183,68230.26972958131,251179.92111515204,0.802709055642133,32545.90032757092,32139.383455035524,0.4649414332510131,18814.78187279882,47325.382872351875,0.32439279091032447,19193.812810891854,11212.516924231806,0.8724460368587207
2022-11-14,japan,201954.45188730155,342418.31570606295,67223.83336943715,243937.50636180743,0.7908686278757312,35502.974958434555,35977.27981168638,0.507185356549065,19647.381723676335,49950.2988779175,0.33874796075304026,18089.673767213375,9842.244591471845,0.8222578985096989
2022-11-21,japan,278266.1183187419,446908.290564774,64478.25510676066,226508.2955312708,0.7585677071383607,47349.22094700418,57702.246069213434,0.6764174421000597,35072.529793270456,124295.62223642497,0.6046987895391458,21742.166398996815,25902.55907171734,0.9882802908634916
2022-11-28,japan,350389.49814474257,520328.2299469571,65789.77270665717,234452.50019782592,0.7739973259606725,46873.23722919268,56525.74882850021,0.6696176747027526,35888.719114604166,130587.04193381639,0.6187710192173133,21387.002751760487,19301.247182245686,0.9721364887163857
2022-12-05,japan,282698.72868432204,457604.37308198656,77125.61268006884,356941.6748371313,0.9073601491772804,43347.57316838609,48811.813302678136,0.6192510452626584,33325.03997525095,112040.54723109204,0.574569654745706,21107.41857395868,16954.46141281658,0.9594281169981218
2022-12-12,japan,257503.2502296214,414973.367601435,74428.06369781563,312778.8572015757,0.8756242787978309,36123.960085795305,36839.019932002484,0.5160565726542187,28331.991559168546,83933.87912769208,0.48848261308911284,18586.1020290341,10391.242951666845,0.84482281950155
2022-12-19,japan,256448.94970163447,403367.3997360356,68016.56560037557,249597.4751161818,0.8001948894161832,37430.95377286601,38724.88686919147,0.534727911040943,23410.01054901586,62997.408845212776,0.40362087153475623,18060.92011214369,9813.033167871174,0.8209509141883495
2022-12-26,japan,240729.58500037246,420453.65398963203,76851.68074986339,351591.72809687845,0.904137420586628,42899.819386529816,47939.67749536465,0.6128545626647116,38757.569872564665,156324.5620358249,0.6682339633200804,21214.998980301694,17726.071792374016,0.9643181354682588
2023-01-02,japan,211654.74477647798,374077.1614561572,72868.93556302671,293536.3717112924,0.8572815948591377,37655.06999645628,39058.697036643076,0.5379295713779468,31281.26067803978,99464.9970469177,0.5393320806558582,20617.150442156475,14538.04941593923,0.9371432019162034
2023-01-09,japan,226756.59837568976,375274.5657590631,73386.8121660523,299551.2556236348,0.8633742607770859,35527.93590965461,36011.514069501136,0.5075419415664945,22708.200887440184,60400.0749905295,0.3915207049558652,16895.018420226243,8802.575037015482,0.7679553827375565
2023-01-16,japan,203586.40920816932,350936.0006276213,69631.16383118251,262222.2772172326,0.8191901627197943,36442.64457762802,37289.59737646919,0.5206092082518289,22496.244001033512,59631.60037799502,0.38786627587988814,18779.539009607986,10631.891450681356,0.8536154095276357
2023-01-23,japan,203366.22545229836,352084.5890810454,66672.81462411761,240184.91188900493,0.7843860544013838,37047.74195405349,38161.37061417039,0.5292534564864785,26980.650297562544,77647.91650958211,0.46518362582004386,18017.15675301342,9769.055720646917,0.8189616705915191
2023-01-30,japan,213318.97933522522,355788.18146882276,68211.64111325114,251040.97727423208,0.8024898954500134,32395.576447602518,31954.898332582954,0.46279394925146455,27703.921180449288,80954.75965057763,0.4776538134560222,14158.063392294629,7192.531085612844,0.6435483360133922
2023-02-06,japan,213499.64247025253,351411.2193826963,62072.07149376815,213411.13889482943,0.7302596646325664,28628.867069866417,27612.819528318305,0.40898381528380595,28764.407984838977,86046.457061539,0.4959380687041203,18446.230363970262,10227.300681221046,0.8384650165441028
2023-02-13,japan,202045.40502174757,331010.46510573674,55380.76720517548,184042.69343861562,0.6515384377079468,31216.177557408217,30539.294314591956,0.4459453936772602,22911.680308898714,61144.68026008141,0.3950289708430813,19456.43501250674,11638.447422604298,0.8843834096593972
2023-02-20,japan,202054.17007627015,331438.94058246183,52556.848899970086,173782.89638466126,0.6183158694114128,36335.45863878561,37137.404837879956,0.5190779805540802,24241.351347193802,66184.53379471268,0.41795433357230694,16251.111620242187,8351.951647679725,0.7386868918291903
2023-02-27,japan,208130.8214000124,336123.2672358542,56908.909798328576,190041.8213581377,0.6695165858626891,32847.52221644427,32512.43350962511,0.4692503173777753,20984.707294286316,54351.90996651238,0.3618052981773503,17251.306526782577,9080.383498797373,0.7841502966719353
2023-03-06,japan,195289.31368378716,311390.7644890327,49240.79754198169,162846.87056832915,0.5793035004939022,31664.466784189746,31070.866833815868,0.45234952548842494,21642.903770412377,56608.97864089184,0.373153513282972,13553.282708661718,6915.237261783901,0.616058304939169
2023-03-13,japan,196359.2891669497,298075.2390299102,41007.88545111072,139316.17131097591,0.4824457111895379,28062.810118473433,27001.888749147558,0.40089728740676334,18612.239999523215,46699.38606234563,0.320900689646952,14033.014293853166,7133.574737687051,0.6378642860842348
2023-03-20,japan,197780.2373245356,323775.3113039592,49689.931575599956,164267.80394632736,0.584587430301176,38919.809374216806,41004.44545630003,0.5559972767745258,18523.084127237777,46425.34140315301,0.3193635194351341,18862.248902369036,10740.221371053027,0.8573749501076835
2023-03-27,japan,241067.7067832875,398875.16278461355,58458.622070770325,196505.43138038693,0.6877484949502392,49689.10916100207,64080.77392021453,0.7098444165857438,28883.10155738276,86635.44954999676,0.4979845096100476,20776.62321217094,15183.077718209692,0.9443919641895882
2023-04-03,japan,215158.2110705637,388822.1403713283,64886.154626641604,228911.32932417822,0.763366525019313,51052.408118656575,68340.95807063827,0.7293201159808083,37198.72848723824,141572.3846340518,0.641357387711004,20526.638068228163,14213.172683546405,0.9330290031012802
2023-04-10,japan,173582.12698472483,321718.87401104707,56241.67843590674,187379.64437337473,0.6616668051283146,41592.08899454368,45507.943727780694,0.5941726999220526,31758.334428123304,102251.25284592638,0.547557490140057,18544.645167748553,10341.817378052423,0.8429384167158434
2023-04-17,japan,170095.93612371542,302948.6456204363,51100.34185123946,168847.99584025162,0.601180492367523,37741.058667140176,39187.62115337905,0.5391579809591454,27374.130159616012,79430.98531093818,0.47196776137268986,16637.1788187252,8614.90240694634,0.7562354008511454
2023-04-24,japan,172663.42825317007,295504.00429134653,50317.73552556478,166283.81213369148,0.5919733591242915,34395.2762057192,34490.57033958993,0.49136108865313144,21760.047078447922,57017.329835623284,0.37517322549048143,16367.517228444522,8429.126095377565,0.7439780558383874
2023-05-01,japan,169857.69796794048,299762.0911146827,56435.862219462375,188147.36200246058,0.6639513202289691,33964.727842238004,33929.16284239982,0.4852103977462572,20947.563895779345,54226.3868006182,0.3611648947548163,18556.239189262535,10355.567406413827,0.8434654176937515
2023-05-08,japan,177166.62181768683,296056.9221964345,50912.94694065378,168228.67600960383,0.5989758463606327,33093.93678998221,32820.11236965245,0.47277052557117444,19600.196487624322,49799.260006204066,0.33793442220041936,15283.220160487366,7769.137798534242,0.6946918254766985
2023-05-15,japan,167435.9987100476,311618.87995686417,62875.674647855194,217595.32682448893,0.7397138193865317,42858.21250498356,47859.70247465891,0.6122601786426223,23276.521736215298,62496.988075131616,0.4013193402795741,15172.472357762492,7708.1922004773205,0.6896578344437496
2023-05-22,japan,170439.21213953977,309037.4181190907,57284.780027504,191572.3749705242,0.6739385885588706,38187.94984825512,39865.39263652672,0.5455421406893589,25678.617850634684,72002.59303405776,0.4427347905281842,17446.858253157174,9243.226452460987,0.7930390115071443
2023-05-29,japan,169598.44341827702,301063.07174897706,52068.71882739688,172104.3396504292,0.6125731626752574,34036.32342958339,34021.90504787591,0.48623319185119124,26375.873434699246,74978.53707244173,0.45475643852929737,18983.712639020567,10905.804749869643,0.8628960290463894
2023-06-05,japan,172632.79026422472,313136.12170747947,62465.14560827592,215435.7215239625,0.7348840659797167,36102.880625676014,36809.4191321097,0.5157554375096574,22454.426985958897,59480.83882746789,0.3871452928613603,19480.878223343938,11680.85668676632,0.8854944646974517
2023-06-12,japan,187732.92285300553,313847.54604550876,60589.04397593567,206123.84731746276,0.7128122820698314,31983.998240985795,31454.573316993476,0.4569142605855114,16901.325601766013,41593.37535963634,0.2914021655476899,16640.25537381577,8617.08153550633,0.7563752442643532
2023-06-19,japan,184044.0072259312,313510.1162010825,55639.472949482464,185034.27356089427,0.6545820346997937,39228.86675277916,41496.783674264894,0.5604123821825595,15727.364816745321,38262.8430506536,0.27116146235767796,18870.404456144315,10751.091806535926,0.8577456570974689
2023-06-26,japan,162929.23976099628,290127.96539293346,53172.16451374681,175936.28180714522,0.6255548766323153,33858.19059863064,33791.60541103627,0.4836884371232948,23972.306720209555,65139.50697337469,0.4133156331070613,16196.063799350164,8316.051856487897,0.7361847181522801
2023-07-03,japan,179811.7897553533,319780.48093320016,61598.10624717335,211023.6148684573,0.7246836029079218,36355.64252405808,37166.01343727716,0.5193663217722583,22093.93947731771,58192.61472272461,0.3809299909882364,19921.002929297712,12546.05960327811,0.905500133149896
2023-07-10,japan,183023.62964564978,324959.3747659931,66945.51415892481,242024.3475009118,0.7875942842226449,38660.07834000068,40595.95894059123,0.5522868334285811,20424.555453462217,52479.18817649982,0.3521475078183141,15905.59716795559,8132.570680818641,0.7229816894525268
2023-07-17,japan,192376.1269632288,336209.7054062674,61041.65720854142,208291.87618277644,0.7181371436298991,37019.77206241083,38120.592964831405,0.5288538866058691,26429.211316531924,75210.59313140204,0.4556760571815849,19342.93785555448,11447.969946744297,0.8792244479797491
2023-07-24,japan,197857.39087920898,336141.77452806104,58268.7452128011,195691.08608725286,0.6855146495623659,35812.80821691258,36404.59648329539,0.511611545955894,27595.357914655237,80450.14234309676,0.4757820330112972,16607.472304483177,8593.93286424796,0.7548851047492353
2023-07-31,japan,189407.29024562807,326532.35494229815,56646.88841388254,188988.18242383233,0.6664339813397946,35343.46861939327,35759.29701786043,0.504906694562761,25014.161492162806,69262.05736143165,0.43127864641660013,20120.546171231446,13018.399873723047,0.9145702805105204
2023-08-07,japan,200392.20740297073,327737.22639882716,50357.80655035551,166413.70295896154,0.592444782945359,35079.00234847464,35400.81955980611,0.5011286049782092,23017.13947100954,61533.27956981213,0.3968472322587852,18891.070626016728,10778.793313419272,0.8586850284553058
2023-08-14,japan,187130.76428983454,308420.5615950373,49649.616831128245,164139.54516276496,0.5841131391897441,33443.1171795018,33260.694891230014,0.47775881685002575,22483.404533215922,59585.28100888184,0.3876449057451021,15713.658761356779,8016.436579207035,0.7142572164253082
2023-08-21,japan,259738.35827179317,424988.1491085296,64142.75150035565,224574.6561887379,0.754620605886537,46139.23745586732,54781.04573052321,0.6591319636552474,34327.955244642595,118884.02635602867,0.591861297321424,20639.846635870883,14623.829033518934,0.9381748470850401
2023-08-28,japan,278046.07198479,470696.08110473724,76637.7392641677,347577.86200116004,0.9016204619313848,53010.77749783554,75364.47919391023,0.7572968213976505,41586.56803793868,189266.94496269152,0.7170097937575635,21414.92432000533,19612.053611384275,0.9734056509093333
2023-09-04,japan,251686.82200261124,444956.0881579166,80305.57365660557,446138.57851113385,0.9447714547835949,50298.828520881325,65930.05963241632,0.7185546931554475,41122.22713379196,183195.4198630012,0.7090039160998614,21542.636844026543,21332.125690491073,0.9792107656375701
2023-09-11,japan,228188.68053779608,397333.3364584822,77701.29556350342,369043.45592857356,0.9141328889823931,37455.79462867948,38761.72992623295,0.5350827804097069,34985.67802891888,123648.86350287987,0.6032013453261876,19001.887699584302,10931.284296950831,0.8637221681629228
2023-09-18,japan,208290.55542771472,366701.09320226917,74466.64751259766,313301.58303772064,0.8760782060305607,34354.02975473612,34436.40080541208,0.49077185363908743,31797.70943823942,102485.05034339955,0.5482363696248176,17792.151068981202,9551.634124063412,0.8087341394991456
2023-09-25,japan,218415.85596041585,374063.91128979216,72703.63149604986,291686.4192461237,0.8553368411299983,38893.14861714919,40962.29569860027,0.555616408816417,25329.200435062572,70550.18140277306,0.436710352328665,18722.074781114658,10558.605178892027,0.8510033991415754
2023-10-02,japan,217413.40202667235,367774.61705796083,67956.59312964769,249157.8587640833,0.7994893309370317,38423.55297743247,40228.06057059181,0.5489078996776067,26101.09047331587,73793.09339372929,0.45001880126406674,17879.97845089241,9634.830385952468,0.8127262932223822
2023-10-09,japan,217659.33709516213,361180.13880133204,66880.5186767777,241582.82958549098,0.7868296314915024,38010.70080281474,39595.000823988805,0.543010011468782,23851.038853979033,64672.78149498893,0.4112248078272247,14778.543372598428,7499.353867947133,0.6717519714817467
2023-10-16,japan,218107.30885584178,350631.4168626057,63365.91264882864,220237.54715074104,0.745481325280337,35433.222216553244,35881.78909702013,0.5061888888079035,18404.723985117525,46062.93946265185,0.31732282732961253,15320.249156264534,7789.748341490675,0.6963749616483879
2023-10-23,japan,220303.18929522263,348698.29960090364,56981.2021508102,190334.43147559758,0.6703670841271788,37558.222014645675,38914.05667462527,0.5365460287806525,16243.223426851664,39710.10912537805,0.2800555763250287,17612.4627133735,9387.601836867841,0.8005664869715228
2023-10-30,japan,226585.14757710154,348686.2528767993,50871.12139419839,168090.91158085357,0.5984837811082163,34233.08649831074,34278.0402549378,0.48904409283301054,17678.77432652737,43874.48777957004,0.3048064539056443,19318.123080661273,11407.669606460286,0.8780965036664214
2023-11-06,japan,231171.21152653956,369944.3882589421,61482.2350342458,210448.55873276078,0.7233204121675977,34763.354284777466,34977.679890512336,0.4966193469253924,22607.24410639725,60033.14183411667,0.3897800707999526,19920.34330698204,12544.59455485265,0.9054701503173654
2023-11-13,japan,220525.13501723827,360136.46486656833,58276.19102597626,195722.89692634327,0.6856022473644265,38841.19357356476,40880.30165116943,0.5548741939080679,23411.682844414332,63003.69734502157,0.40364970421404023,19082.2624053747,11046.28175801573,0.867375563880668
2023-11-20,japan,304904.3322708135,490372.5201777344,78158.7692335068,379613.72329966846,0.9195149321589035,51076.708641864156,68421.15600684102,0.7296672663123451,35055.903826645146,124171.48707178136,0.6044121349421577,21176.806204904755,17437.1042405809,0.9625821002229434
2023-11-27,japan,382213.2522001163,572372.0205055539,77472.84428126487,364092.68649824214,0.9114452268384102,48002.60507580016,59379.32993499406,0.6857515010828594,43242.22105013521,213641.62037716256,0.7455555353471588,21441.097898237393,19921.65117750602,0.9745953590107905
2023-12-04,japan,317385.4670362662,503814.43064524286,78643.25232932677,391899.8638637137,0.9252147332861973,47678.68439284342,58538.63246841975,0.681124062754906,39155.835353626826,160433.98581452752,0.67510060954529,20951.191533179677,16027.252779694134,0.9523268878718035
2023-12-11,japan,272837.9255086771,442931.82462988,79879.65898192422,429991.07538895356,0.9397606939049908,39371.019721183606,41725.57586179219,0.5624431388740515,32594.103512240665,107345.48941541616,0.5619673019351838,18249.11690585444,10009.007486267748,0.8295053139024745
2023-12-18,japan,299987.1793744432,463713.61489611975,76593.23540722058,346760.1058635118,0.9010968871437716,42234.45316974178,46681.70237386853,0.603349330996311,28962.72258861826,87032.79803364197,0.49935728601065965,15936.02435609592,8151.34143219601,0.7243647434589054
2023-12-25,japan,276417.171952215,447238.5406815835,73421.15562196341,299962.46575857163,0.8637783014348636,43632.776279858816,49378.57484348398,0.6233253754265545,33723.8598326964,114703.86967046703,0.5814458591844206,20043.576994849896,12828.987885899773,0.9110716815840861
2021-01-04,australia,42667.745058181026,68043.85675346607,3583.626712779021,21404.40932787254,0.09430596612576371,10204.585203704233,8455.694252224203,0.3188932876157573,2148.98142865875,6016.732362285227,0.08265313187149037,9438.918350143047,6005.660330075355,0.9438918350143046
2021-01-11,australia,45960.488335439215,73943.52909597181,3310.853505658695,20671.820404696544,0.08712772383312356,12854.439034892384,10752.740083007597,0.40170121984038704,3402.667680455388,9230.48569028295,0.13087183386366877,8415.080539526127,4088.955686188026,0.8415080539526126
2021-01-18,australia,52685.97770809601,80321.03332456617,4867.473915697889,24564.04117400659,0.12809141883415498,11484.57653646172,9525.449078759433,0.35889301676442875,4359.523423631743,11764.299685943588,0.16767397783199012,6923.481740678811,3071.4991231758377,0.6923481740678811
2021-01-25,australia,56261.053777949746,92056.3823801607,7075.994960768253,29327.625018044426,0.1862103937044277,13731.426788222849,11593.195239126682,0.42910708713196405,6177.986973114967,16924.088051979335,0.2376148835813449,8809.919880104884,4568.012641290972,0.8809919880104884
2021-02-01,australia,58981.00232566213,106347.03974998824,19444.935479951448,53903.6033636675,0.5117088284197749,12531.147771138898,10454.3281424694,0.39159836784809054,7481.231545104351,21008.259793047262,0.2877396748117058,7908.722628131424,3651.687568011819,0.7908722628131424
2021-02-08,australia,64634.44331162902,115702.46010178454,21989.741919047377,60063.260344016104,0.5786774189222994,13343.520644805016,11215.611381066416,0.41698502015015676,6670.404647982059,18423.1447875918,0.2565540249223869,9064.349578321073,4996.544049492916,0.9064349578321074
2021-02-15,australia,65469.37971560493,112409.0538836156,20002.962016126552,55187.08991187963,0.5263937372664882,12984.031275098205,10874.013261076474,0.4057509773468189,5635.970558185141,15328.867958286828,0.21676809839173622,8316.710318600768,3992.0222093841567,0.8316710318600768
2021-02-22,australia,71241.81777164541,128037.46179772215,24505.676400745662,67162.43178510218,0.6448862210722542,16167.278788504394,14220.560067657516,0.5052274621407623,8254.400879660812,23627.530131956868,0.31747695691003125,7868.2879571658705,3622.2571627569387,0.786828795716587
2021-03-01,australia,68636.4693311796,121868.32142836082,21833.629946355322,59660.31674523638,0.5745692091146137,16821.332345449642,15018.052526493611,0.5256666357953013,6413.079855400795,17633.54631731099,0.24665691751541519,8163.809949975465,3854.0776738576105,0.8163809949975466
2021-03-08,australia,76752.02089966522,129710.59587337589,24474.870716241396,67067.44711214467,0.6440755451642473,14263.925507622424,12127.841093684476,0.4457476721132007,5408.343411107917,14674.615406070976,0.20801320811953525,8811.43533873893,4570.215293659719,0.881143533873893
2021-03-15,australia,80399.7894231741,127439.12140845638,20826.679732770343,57146.08603697545,0.5480705192834301,13730.24389462934,11592.029047133392,0.4290701217071669,4195.833411222107,11323.69608506222,0.1613782081239272,8286.574946660498,3963.680994131683,0.8286574946660498
2021-03-22,australia,75373.16914823459,126832.97996025553,24124.063580829396,66001.74961430096,0.6348437784428789,13032.798473563285,10919.901981916917,0.4072749522988527,6328.700774959883,17377.628764809364,0.2434115682676878,7974.247982668374,3700.807793410452,0.7974247982668374
2021-03-29,australia,96146.59962518876,164650.75224508677,27355.172891443537,77168.58265543057,0.7198729708274615,19819.3248725614,19400.255824976364,0.6193539022675437,11779.574034705412,38218.18579366959,0.453060539796362,9550.08082118768,6489.62433974034,0.9550080821187679
2021-04-05,australia,89617.9874518532,161216.6275165898,27604.14085634501,78185.41078423696,0.7264247593775003,18824.838162055497,17790.13816830219,0.5882761925642342,15800.368170663842,64390.9515517632,0.6077064681024554,9369.292875672234,5761.758753871192,0.9369292875672234
2021-04-12,australia,78333.3894758587,138048.16394454584,25645.217102757357,70851.4410254851,0.6748741342830883,14284.885790404383,12149.29292578211,0.44640268095013697,10967.567233464266,34381.39124327714,0.42182950897939486,8817.104342061148,4578.486013579136,0.8817104342061147
2021-04-19,australia,75313.27373554854,131935.88067515387,25027.46998582972,68807.70757539896,0.6586176312060453,15137.131305642843,13049.800504665518,0.47303535330133883,9503.169911915391,28236.611454991747,0.36550653507366887,6954.835736217346,3086.6502948627185,0.6954835736217345
2021-04-26,australia,86945.86632918972,138344.68997079122,22821.937679652267,62277.99987887753,0.6005773073592702,13207.675986486303,11085.613568752675,0.412739874577697,7529.128673363313,21165.914171695997,0.28958187205243513,7840.081302099622,3602.105526941016,0.7840081302099622
2021-05-03,australia,85395.43461518368,138604.83337691973,23707.91948751785,64773.80041870015,0.623892618092575,13505.294781866798,11371.913884246213,0.42204046193333744,7210.182498957442,20126.843201446412,0.2773147114983631,8786.001993393947,4533.703896343927,0.8786001993393947
2021-05-10,australia,82037.75211044168,128915.36342834355,21508.467619249855,58832.80652481161,0.566012305769733,11514.818141695838,9551.552468809228,0.3598380669279949,5227.277720394302,14160.362891929632,0.20104914309208854,8627.047836561875,4325.114851253016,0.8627047836561874
2021-05-17,australia,88386.195612051,141505.05287590733,23038.71247625419,62874.6929483578,0.6062819072698471,14318.52142146901,12183.783940615785,0.44745379442090655,6992.937450471731,19433.146146980973,0.2689591327104512,8768.685915661392,4509.384489554004,0.8768685915661392
2021-05-24,australia,76693.73592902624,132307.5194205896,23558.675849893887,64342.4697580567,0.619965153944576,16669.583795061793,14828.924928286713,0.520924493595681,6996.326993613062,19443.884933205263,0.26908949975434854,8389.19685299462,4062.761699054396,0.838919685299462
2021-05-31,australia,91891.62241338802,145140.1099698431,22589.4159689752,61647.368780284174,0.5944583149730316,15370.631450752428,13306.783568624885,0.48033223283601334,6251.140246337831,17143.662081696828,0.2404284710129935,9037.299890389606,4944.3734820338605,0.9037299890389605
2021-06-07,australia,74691.23984896719,127330.0955164447,20901.656442853022,57328.53573407458,0.5500435906013953,16184.04271038877,14240.442380312157,0.5057513346996491,6556.54661188123,18072.048155695258,0.2521748696877396,8996.609902354481,4869.283609582961,0.8996609902354481
2021-06-14,australia,76215.6246243096,124798.01346579517,21153.735942621202,57947.3490683902,0.5566772616479264,13175.830168212371,11055.300789824083,0.4117446927566366,5504.534638655551,14950.014186779788,0.2117128707175212,8748.288091996454,4481.275130392607,0.8748288091996455
2021-06-21,australia,72074.19761363747,122843.31088687101,22626.159860543434,61746.39105522828,0.5954252594879851,14023.89541143005,11884.415979470485,0.4382467316071891,5160.664811941458,13972.498678980222,0.19848710815159454,8958.393189318589,4802.169450765136,0.895839318931859
2021-06-28,australia,67727.92812449543,123485.98534476181,29169.827099352635,85322.98524034282,0.7676270289303325,12578.702117707671,10497.86172357103,0.3930844411783647,5108.788799820025,13826.678295550817,0.1964918769161548,8900.739203386049,4706.5624225963,0.8900739203386049
2021-07-05,australia,76458.07463943123,131414.9265101914,29360.319007477272,86294.9552973377,0.7726399738809808,13284.052634606727,11158.563974576822,0.4151266448314602,4155.757008018944,11216.315223205715,0.15983680800072864,8156.723220657246,3848.018064638808,0.8156723220657246
2021-07-12,australia,70746.88560539046,128390.90015933149,29585.98577432405,87480.91237057626,0.7785785730085276,14885.314189569921,12777.77322074712,0.46516606842406005,5994.986956208333,16379.365973697013,0.23057642139262818,7177.727633838726,3199.322802184454,0.7177727633838726
2021-07-19,australia,79141.291567862,143515.63486853987,34443.21422911377,131189.34656913992,0.9064003744503625,14248.202115215616,12111.769794110882,0.445256316100488,7153.244199970504,19943.955219908763,0.2751247769219425,8529.682756377986,4211.492067505078,0.8529682756377986
2021-07-26,australia,70262.43538940336,130359.38762635789,33367.95383957366,116547.47310017023,0.8781040484098331,12085.144201799545,10051.84014039035,0.3776607563062358,5912.520158361486,16135.9758091541,0.22740462147544177,8731.334037219844,4458.339630060974,0.8731334037219843
2021-08-02,australia,69062.22563352012,128337.74775029777,32235.516053963293,105319.75986139076,0.8483030540516656,11763.584285291714,9767.869378234991,0.36761200891536605,6243.80876143634,17121.608401587884,0.24014649082447462,9032.613016086294,4935.522079508042,0.9032613016086294
2021-08-09,australia,61615.39442287419,118347.88759957164,31439.681253633855,99015.10681332438,0.8273600329903646,11628.28239928968,9649.86137888878,0.36338382497780247,5848.520837376676,15947.961436442834,0.22494310912987217,7816.008686397245,3585.145230425594,0.7816008686397244
2021-08-16,australia,66494.64219596886,123180.8058400644,28647.195585943846,82782.07101305487,0.7538735680511538,14278.385315337575,12142.636604870486,0.4461995411042992,6228.797486061811,17076.486631881675,0.2395691340793004,7531.785256752297,3399.6460754219597,0.7531785256752297
2021-08-23,australia,77369.70722903872,148503.02172294172,30111.188531130665,90399.64214869987,0.7923996981876491,21749.79938256553,23156.75598397277,0.6796812307051727,9595.258259719785,28597.537795402364,0.36904839460460714,9677.068320487035,7280.140534287054,0.9677068320487036
2021-08-30,australia,75298.60917285032,148196.11583829965,30904.377313546254,95299.79721253845,0.8132730871985856,21826.09711243046,23326.779789887856,0.6820655347634519,10503.204514794666,32333.733219874943,0.4039694044151795,9663.827724677949,7180.000472708785,0.9663827724677949
2021-09-06,australia,65619.95560852814,140014.6763010873,33699.42634425876,120536.5147977963,0.886827009059441,17691.97444259596,16155.740052610661,0.5528742013311237,13794.375896920936,49511.67720478421,0.5305529191123437,9208.944008783506,5312.05929008445,0.9208944008783506
2021-09-13,australia,68806.38547713174,136686.3337250559,32011.964977460324,103440.68395936412,0.842420130985798,16859.62170203819,15066.181396358264,0.5268631781886934,10250.220957634448,31258.74603337193,0.39423926760132494,8758.140610791217,4494.781041321703,0.8758140610791217
2021-09-20,australia,51590.09328355974,115162.43984210445,30521.559112959316,92853.53509660265,0.8031989240252452,16014.277158312974,14040.389860325751,0.5004461611972805,10173.40626226954,30937.724063462247,0.3912848562411362,6863.104025002878,3042.768179249354,0.6863104025002879
2021-09-27,australia,43085.797533486366,101838.36966122748,30741.48108001215,94239.04851489657,0.808986344210846,12496.792780062642,10422.953851176142,0.39052477437695754,8158.9448969625255,23295.23727116747,0.31380557296009715,7355.353370703808,3296.1528399002104,0.7355353370703808
2021-10-04,australia,44428.89270133714,103771.77432731404,30498.694659402536,92712.42618195736,0.8025972278790141,13407.626389447367,11277.352801407696,0.4189883246702302,6375.53888612145,17519.507080664138,0.2452130340815942,9061.021691005542,4990.023386358834,0.9061021691005542
2021-10-11,australia,45386.848471008285,106615.14762171112,28642.35187763776,82759.33059132389,0.753746102043099,15646.804654068734,13616.886471152202,0.4889626454396479,7592.323327091469,21374.81418836875,0.2920124356573642,9346.819291904867,5690.348650291532,0.9346819291904866
2021-10-18,australia,46370.00703419827,102954.80824593609,26076.639455756886,72347.13897275538,0.6862273540988654,15286.585699341776,13213.747500602632,0.4777058031044305,7465.55613647114,20956.789708569286,0.28713677447965924,7756.019920168012,3543.7957567538806,0.7756019920168011
2021-10-25,australia,44759.80731554607,100953.33468754754,27952.365860848593,79656.65891870737,0.7355885752854893,12684.945958709213,10595.56829574645,0.39640456120966294,7526.900467248236,21158.567086401876,0.28949617181723986,8029.315085195431,3743.540021796847,0.8029315085195431
2021-11-01,australia,44158.484345287245,103710.21171513933,28254.511099225423,80982.9977885687,0.7435397657690901,14856.709309392822,12747.198548544839,0.46427216591852566,8093.024940847233,23067.283795176365,0.3112701900325859,8347.482020386606,4021.596342669968,0.8347482020386605
2021-11-08,australia,36853.37274882436,88831.16988861898,24521.562782706682,67211.5057114009,0.645304283755439,11572.076779115141,9601.089519935409,0.36162739934734817,6601.714498729388,18210.997866116588,0.25391209610497645,9282.443079243421,5502.128007057444,0.9282443079243422
2021-11-15,australia,41652.044345216535,92723.30964886567,23008.98684042513,62792.35726728444,0.6054996536953982,13468.994406459651,11336.698140095079,0.42090607520186407,6338.994854296858,17408.772597647356,0.243807494396033,8254.289202467506,3933.9711613185614,0.8254289202467506
2021-11-22,australia,50201.282849722564,120430.42953721009,29400.5847418037,86503.76331892212,0.7736995984685184,20587.911685503423,20782.31426451096,0.6433722401719819,10752.38439811859,33420.14191929703,0.4135532460814842,9488.26586206181,6203.586792941267,0.948826586206181
2021-11-29,australia,69594.34853742644,143800.8423189401,33537.37789035492,118537.50437675358,0.8825625760619715,20072.210482547118,19840.50017511372,0.6272565775795974,10752.091748212883,33418.84940484511,0.4135419903158801,9844.813660398753,9347.885436612796,0.9844813660398752
2021-12-06,australia,55988.07672719642,132326.3041004236,35230.6376272978,146317.56648105482,0.9271220428236264,19283.527263983477,18510.110035095764,0.6026102269994836,12166.907195025027,40176.614479542826,0.46795796903942416,9657.155286920874,7131.473898637998,0.9657155286920873
2021-12-13,australia,51051.8964262313,121597.68490740733,34143.172357901116,126563.8387316901,0.8985045357342398,16740.76382848302,14917.318960608853,0.5231488696400944,10578.910372433518,32660.849819684434,0.40688116817051995,9082.941922358368,5033.521676117607,0.9082941922358367
2021-12-20,australia,68329.26153598429,133887.9842016774,33186.867670474036,114523.75192830859,0.8733386229072115,16289.427823566111,14366.08210820192,0.509044619486441,8705.847784602525,25235.722554977205,0.3348402994077894,7376.579387050444,3308.194807456565,0.7376579387050444
2021-12-27,australia,63034.10114673547,137655.07074486636,33942.55664638452,123730.57107614726,0.8932251749048556,21237.752411505156,22063.081828992825,0.6636797628595361,9895.791829152462,29797.64186840373,0.3806073780443255,9544.868711088757,6463.58006739774,0.9544868711088756
2022-01-03,australia,60443.32684989067,124401.17977442588,31992.788212529496,103283.7129407298,0.841915479277092,17328.908750424078,15669.975725250211,0.5415283984507524,7053.182944339819,19624.41214218829,0.27127626708999303,7582.973017241817,3431.2159199425064,0.7582973017241816
2022-01-10,australia,59789.48713263698,122576.01738057111,30107.23618857342,90376.78667491932,0.7922956891729848,16621.60706123423,14769.659997185574,0.5194252206635697,8708.757082130087,25246.289282770413,0.3349521954665418,7348.929915996403,3292.5295132243446,0.7348929915996403
2022-01-17,australia,67691.75377987667,128620.03190601603,28623.047351673005,82668.839561188,0.7532380882019212,15996.07543069795,14019.10938645413,0.499877357209311,7510.654859460179,21105.03840126672,0.28887134074846843,8798.500484308219,4551.526388721251,0.8798500484308218
2022-01-24,australia,59284.04760027479,116565.2262886723,27193.414626939775,76522.70002518056,0.715616174393152,15219.983989576362,13140.453158573833,0.4756244996742613,6462.1301796780845,17782.984893706765,0.2485434684491571,8405.649892203304,4079.352595294149,0.8405649892203305
2022-01-31,australia,76643.21855926958,129055.67081000317,23140.906958456897,63159.02434620465,0.6089712357488657,14826.997942007236,12715.510363924537,0.4633436856877261,6308.508539728509,17316.601131530326,0.24263494383571188,8136.038810540951,3830.4878841596255,0.8136038810540951
2022-02-07,australia,77296.95913326638,126397.45556860184,21782.747904699132,59529.78882667739,0.5732302080183982,14302.373950873129,12167.215565163133,0.4469491859647853,5282.559154032275,14316.805830235982,0.20317535207816442,7732.815425730925,3528.138561828719,0.7732815425730926
2022-02-14,australia,83378.34319748814,134107.28828425612,21940.156521564484,59934.86731936483,0.5773725400411707,12867.168480723536,10764.60965821478,0.40209901502261053,7807.925098234586,22095.326300583278,0.300304811470561,8113.694986245381,3811.8075309066803,0.8113694986245381
2022-02-21,australia,85637.47729077646,135113.70675740088,21130.5865057113,57890.168033697104,0.5560680659397711,12935.962067990977,10828.916857454005,0.404248814624718,6876.494200827223,19065.82305048836,0.2644805461856624,8533.18669209494,4215.419947014168,0.853318669209494
2022-02-28,australia,81891.91557192695,133777.108569973,20603.995823069778,56608.41080583865,0.5422104163965731,13922.681722991074,11782.97762796637,0.43508380384347106,8396.567236393847,24127.347937977684,0.3229448937074556,8961.948215591356,4808.281084224055,0.8961948215591355
2022-03-07,australia,81973.29239451434,133184.63974034408,22550.115715014676,61541.71581644294,0.5934240977635441,14887.559287845424,12780.175695742731,0.46523622774516954,7595.92986337357,21386.767050209317,0.29215114859129115,6177.742479596079,2750.628867698588,0.6177742479596079
2022-03-14,australia,88057.43016582922,140992.38375747474,19876.046185158728,54892.246272009645,0.5230538469778613,16853.98468873497,15059.085358920805,0.5266870215229679,8812.019532913955,25623.084969327596,0.3389238281889983,7392.903184837863,3317.5285132999825,0.7392903184837862
2022-03-21,australia,96106.16269496016,144242.53880088383,16614.076791661104,47821.08958470817,0.4372125471489764,15129.796138462138,13041.80261785697,0.4728061293269418,8026.982603446874,22840.136212170153,0.30873010013257207,8365.520572353553,4039.242078122034,0.8365520572353552
2022-03-28,australia,116809.89620610149,185521.34281048217,24603.275479084543,67464.90356282795,0.6474546178706458,20917.566484934807,21418.04409146688,0.6536739526542127,13608.233238558953,48340.70855797891,0.5233935860984212,9582.37140180237,6660.2362406428,0.9582371401802369
2022-04-04,australia,102640.28861309067,181571.10151450272,32292.694139559822,105815.53587045327,0.8498077405147322,21834.909229153065,23346.541041607903,0.6823409134110333,15078.230960737132,58497.470379306134,0.5799319600283512,9724.978571962043,7693.1243270737095,0.9724978571962043
2022-04-11,australia,90620.42612109821,161089.70457120275,33182.757758275744,114478.98737278712,0.873230467323046,16381.346024095634,14476.595724444735,0.5119170632529886,11963.82180631575,39138.73661570991,0.46014699255060576,8941.352861417427,4773.233863220846,0.8941352861417426
2022-04-18,australia,91881.74208135511,158518.50966177817,32561.436589810095,108235.05129989288,0.8568799102581603,15995.677498865103,14018.644506640121,0.49986492183953446,9814.659909094857,29470.246740225455,0.3774869195805714,8264.99358265298,3943.748299806102,0.8264993582652981
2022-04-25,australia,93390.46640202287,154003.23044414347,29765.711686462546,88453.75285595197,0.7833082022753302,14748.812555732899,12632.457158345338,0.4609003923666531,8152.575640496646,23273.15826091476,0.3135606015575633,7945.664159428508,3679.156808343119,0.7945664159428508
2022-05-02,australia,87816.7545873202,150588.73367784364,28001.217654398853,79867.8703023775,0.7368741487999698,16792.505660570136,14981.92732018427,0.5247658018928167,9856.892149521893,29640.347939479863,0.3791112365200728,8121.363626032568,3818.1892803303645,0.8121363626032568
2022-05-09,australia,86800.32400860434,147030.27847944276,27365.42915568927,77209.91969975154,0.7201428725181387,16197.038220023991,14255.874741743586,0.5061574443757497,7659.703805589122,21598.683283427337,0.2946039925226585,9007.783289536052,4889.515663675372,0.9007783289536052
2022-05-16,australia,88976.03937029417,144564.9712396854,26689.17470098962,74578.994355654,0.7023467026576216,13564.658596052699,11429.684643272274,0.4238955811266468,7365.976843028018,20631.25668091439,0.2833068016549238,7969.121729320907,3696.8988398359525,0.7969121729320907
2022-05-23,australia,92631.23359299323,150121.15978862476,27047.792196800423,75950.7805125635,0.7117840051789585,14919.276002852497,12814.158990612776,0.4662273750891405,7259.329840609186,20285.33080180141,0.2792049938695841,8263.528155369439,3942.4055663373188,0.8263528155369438
2022-05-30,australia,85389.83863906741,143232.87344327845,24337.331799922184,66646.16431685726,0.6404560999979522,17387.61292736501,15747.380564773213,0.5433629039801566,7644.436504962246,21547.855143536173,0.29401678865239406,8473.653571961615,4150.189312249659,0.8473653571961616
2022-06-06,australia,89809.86937592446,145341.48096240748,24069.266537098752,65837.86396813646,0.6334017509762829,15265.16126145201,13190.128783649334,0.47703628942037535,6989.203791465707,19421.320188386697,0.2688155304409887,9207.979996466538,5309.717921996856,0.9207979996466539
2022-06-13,australia,94792.4219462386,151211.39375628612,24885.24182686863,68352.2498792989,0.6548747849175955,15714.65028098832,13694.12265775004,0.49108282128088504,7465.878597850616,20957.847885290397,0.2871491768404083,8353.201104339965,4027.1657160410505,0.8353201104339966
2022-06-20,australia,82114.18849627099,140879.040824018,26680.765447895046,74547.42954408641,0.7021254065235538,15963.721433176102,13981.362370468038,0.4988662947867532,7186.9494685233385,20052.12445724319,0.2764211334047438,8933.41597815252,4759.9552762967205,0.893341597815252
2022-06-27,australia,77938.0715321412,130944.46589987609,24200.033879714167,66230.09293695982,0.6368429968345833,13820.162498383685,11680.942721263258,0.43188007807449014,5869.453876804196,16009.374524421608,0.2257482260309306,9116.744112832836,5103.245396007834,0.9116744112832836
2022-07-04,australia,91963.78366875387,145714.4706583789,22972.075744861744,62690.34787813798,0.6045283090753091,15600.441985166908,13564.349318092714,0.4875138120364659,6702.156029505681,18521.551774873882,0.25777523190406465,8476.013230090706,4152.715580734739,0.8476013230090705
2022-07-11,australia,83785.12561883681,129483.80876493696,18143.802676740088,51028.53222646885,0.47746849149316023,13293.623548695783,11167.73063232007,0.4154257358967432,6031.283827623754,16486.897415538355,0.23197245490860594,8229.973093040511,3912.024445596062,0.8229973093040511
2022-07-18,australia,81949.3438779818,126664.31174792969,17498.24453902609,49654.83646739808,0.46048011944805506,13879.589486196808,11740.002389271913,0.43373717144365026,5238.951098397018,14193.357050001838,0.20149811916911606,8098.18274632797,3798.9913751838917,0.809818274632797
2022-07-25,australia,89444.16803776842,138023.07528018998,17288.18207624871,49214.44889646809,0.4549521599012819,16518.171155605058,14642.73690623235,0.516192848612658,6637.773759628646,18322.23911643541,0.25529899075494794,8134.780250939132,3829.428670174223,0.8134780250939132
2022-08-01,australia,80738.78830811138,129072.4324385828,15851.168716333696,46276.9121120041,0.41713601885088675,15969.784554651067,13988.428410876228,0.49905576733284585,7651.665034938518,21571.912922304327,0.29429480903609684,8861.02582454813,4644.283823123481,0.886102582454813
2022-08-08,australia,86242.8580214706,136371.03010373947,18445.504966974157,51681.815389822994,0.4854080254466884,14937.07843072898,12833.269183489396,0.4667837009602806,8148.135132472695,23257.772096322085,0.31338981278741135,8597.453552093033,4289.561573125185,0.8597453552093034
2022-08-15,australia,81106.97377885293,133399.3624487013,19481.154408070823,53985.918427446304,0.5126619581071269,15825.506999623514,13821.242809676885,0.4945470937382348,8431.34198965813,24250.517681824338,0.3242823842176204,8554.38527249587,4239.429898188398,0.855438527249587
2022-08-22,australia,94525.62006853637,152574.21745498324,19116.703674469354,53163.58545471377,0.5030711493281409,19870.00670162177,19487.40874139787,0.6209377094256803,9756.46514318822,29236.98225640171,0.375248659353393,9305.421867167519,5566.732652917058,0.9305421867167518
2022-08-29,australia,99666.26047252445,169635.5273309978,28828.072926071443,83641.57276955596,0.7586334980545116,20617.23041671495,20837.744687930135,0.6442884505223422,11107.236753108817,35017.20967644827,0.4272014135811083,9416.726762578144,5923.858605823328,0.9416726762578145
2022-09-05,australia,88576.57521850019,166622.46575868945,29586.868037273332,87485.62532934408,0.7786017904545613,21616.331264147233,22863.87836411996,0.6755103520046011,16956.867588990648,75499.63746001764,0.6521872149611787,9885.823649778058,10369.097191221808,0.9885823649778058
2022-09-12,australia,75111.98268336074,142041.0350457019,29251.06040965516,85734.31094121505,0.7697647476225042,16053.28313865742,14086.102605322427,0.5016650980830444,12629.820791725464,42638.88933440375,0.48576233814328706,8994.888022303126,4866.19097052781,0.8994888022303127
2022-09-19,australia,64725.75184512982,125140.28774318079,26156.71451057721,72631.4276073013,0.6883345923836108,15554.941733972671,13512.979172266281,0.486091929186646,10771.909873113802,33506.46753617999,0.4143042258889924,7930.969780387281,3668.1622012650046,0.7930969780387281
2022-09-26,australia,65136.75497130079,123380.97151669239,25558.654767248347,70558.35435269926,0.6725961780854828,14969.035214227493,12867.637924811668,0.46778235044460914,8592.926211211961,24827.63453028098,0.3304971619696908,9123.6003527038,5117.801029861314,0.9123600352703799
2022-10-03,australia,62172.42160197682,116536.17065422834,24354.895518705842,66699.70991119825,0.6409183031238379,13104.888654668313,10987.9931299983,0.4095277704583848,8219.170962052172,23504.58513829513,0.31612196007892973,8684.793916825196,4397.278244374665,0.8684793916825195
2022-10-10,australia,63725.4283765883,118440.16421222105,24943.059544759675,68536.74944674673,0.6563963038094651,13650.371546356091,11513.497145898524,0.42657411082362784,7351.583189859072,20584.406076916523,0.2827531996099643,8769.721554657917,4510.827028527658,0.8769721554657918
2022-10-17,australia,53070.77589889499,112036.64363033313,24890.374154278878,68368.591710622,0.6550098461652336,17473.40594077208,15861.282612187553,0.5460439356491276,8262.552776901268,23656.02981868048,0.3177904914192795,8339.534859485908,4013.895542518483,0.8339534859485909
2022-10-24,australia,61630.709948108786,118279.01696134341,23899.938342649504,65335.691276757934,0.6289457458591975,16440.462791360304,14548.136526228302,0.5137644622300095,8183.238803994481,23379.558480324595,0.3147399539997877,8124.667075230345,3820.947842437373,0.8124667075230345
2022-10-31,australia,57667.0554472567,107827.72419078399,20527.785512413215,56425.81524042402,0.5402048819056109,13871.158995571854,11731.609514793725,0.43347371861162043,7557.208425990036,21258.610193633394,0.2906618625380783,8204.51580955218,3889.428879252131,0.8204515809552181
2022-11-07,australia,48053.048913846265,92591.28558570542,17652.967777660124,49981.21913841418,0.46455178362263483,13015.013759242578,10903.150894217551,0.40671917997633056,6719.404771524789,18575.102638052733,0.2584386450586457,7150.85036343167,3185.245088598696,0.715085036343167
2022-11-14,australia,60551.15625511131,108756.30622255823,17417.88046777952,49485.99043462044,0.45836527546788214,14908.811271712702,12802.937462863641,0.46590035224102194,7720.96039797633,21803.23201687976,0.2969600153067819,8157.49782997836,3848.679062772064,0.815749782997836
2022-11-21,australia,85408.0455742641,155636.35278755298,27362.873549014952,77199.61518395576,0.7200756197109198,22308.816999599017,24449.066977671206,0.6971505312374693,10899.776954344956,34076.197306065325,0.41922219055172905,9656.839710329936,7129.20949164325,0.9656839710329936
2022-11-28,australia,103181.73330024355,178402.47501881907,29618.567906069384,87655.36713244938,0.7794359975281416,21090.88281641562,21763.69146820522,0.6590900880129881,14638.027288222598,55222.14336866794,0.563001049547023,9873.263707867914,10010.335291998634,0.9873263707867914
2022-12-05,australia,88095.54543583006,173275.02625307784,33734.696307430975,120984.83078844348,0.8877551659850256,22732.55710915743,25506.725452193903,0.7103924096611697,18977.98809614527,102387.37863360839,0.7299226190825103,9734.239304514094,7783.933791967046,0.9734239304514095
2022-12-12,australia,75620.69760723559,149068.85567108524,32177.764223051858,104825.42058016363,0.8467832690276804,17999.48621551907,16580.840796567594,0.562483944234971,15876.174767235085,65051.44430726519,0.6106221064321187,7394.732858043628,3318.5786895355095,0.7394732858043628
2022-12-19,australia,73628.68949300164,141490.76114618874,29798.966917448626,88636.63101767545,0.7841833399328586,16827.94021609048,15026.346621028075,0.5258731317528275,13059.12816874331,45052.07419641923,0.5022741603362811,8176.0363509046865,3864.5973872627446,0.8176036350904686
2022-12-26,australia,67114.44038600336,141982.64009022474,31814.60745134319,101855.36368772775,0.8372265118774523,18513.613569629648,17321.7934645757,0.5785504240509265,14629.352854010152,55159.780246949114,0.5626674174619289,9910.6258292384,11260.518691150612,0.9910625829238399
2023-01-02,australia,71395.41021933884,139626.92513846423,30802.733032979962,94634.35769242939,0.8105982377099991,17631.144329912924,16073.162597072895,0.5509732603097789,10426.17386233635,32003.485823430798,0.40100668701293657,9371.463693896148,5768.829857678196,0.9371463693896149
2023-01-09,australia,71193.02776386561,133121.6808866654,30073.61263268351,90182.92277436389,0.7914108587548292,15678.91172497833,13653.384689010325,0.48996599140557284,8098.238223647521,23085.266679229957,0.31147070090952006,8077.890541490424,3782.4104988898503,0.8077890541490423
2023-01-16,australia,73794.83389391421,142012.69375137545,32693.79575312154,109484.52432902284,0.8603630461347773,17004.192798167747,15249.417012805901,0.5313810249427421,9810.956774256076,29455.36441136738,0.3773444913175414,8708.91453191587,4428.585728217632,0.870891453191587
2023-01-23,australia,82336.76120364411,144024.48493190535,30679.94604124811,93846.11672157828,0.8073670010854765,14909.310731613648,12803.472842483057,0.46591596036292654,8230.765428293356,23545.007722066905,0.316567901088206,7867.701527106119,3621.8350809681783,0.7867701527106119
2023-01-30,australia,89965.70740834923,149853.45297810496,29345.337433721666,86217.56835724226,0.7722457219400438,15894.09031610878,13900.4674161902,0.4966903223783994,7545.952861191255,21221.429521517908,0.29022895619966366,7102.364958734024,3160.2041881067944,0.7102364958734024
2023-02-06,australia,83707.57224943046,144916.6099046464,29111.351805528437,85029.73880486056,0.7660882054086431,16354.873697674815,14444.678277108766,0.511089803052338,7804.247931455514,22082.93478119462,0.30016338197905823,7938.564220557164,3673.833149646865,0.7938564220557164
2023-02-13,australia,92558.40709534039,151751.40227509115,28048.061532479016,80071.55279826556,0.7381068824336583,15739.491138731071,13722.508105553828,0.491859098085346,7033.936990283866,19563.219187864357,0.270536038087841,8371.505518256805,4045.148503162417,0.8371505518256805
2023-02-20,australia,105846.71421113495,161756.8889431205,26237.036477511298,72918.78010029849,0.6904483283555605,16440.726686423215,14548.456704322205,0.5137727089507255,6536.669595091232,18011.037576680104,0.25141036904197045,6695.741972959777,2965.9941913403977,0.6695741972959777
2023-02-27,australia,96010.74944350451,149169.91320850851,22837.27128972415,62319.92492390154,0.6009808234137934,15636.199337373097,13604.85146484762,0.48863122929290925,7562.007360870747,21274.472429100257,0.2908464369565672,7123.685777036019,3171.1602296154624,0.712368577703602
2023-03-06,australia,108372.29720729435,160479.69903849022,21806.533953989903,59590.75855160883,0.5738561566839449,14943.08058482094,12839.7180346497,0.4669712682756544,7126.202055477543,19857.364572660877,0.27408469444144395,8231.585236907487,3913.4683593952436,0.8231585236907487
2023-03-13,australia,103754.04718899907,156694.49849496628,19667.250201304,54410.98594473426,0.5175592158237895,18145.143955342486,16786.805539486533,0.5670357486044527,7092.112305641105,19748.45275859724,0.2727735502169656,8035.9448436796,3748.778668980172,0.80359448436796
2023-03-20,australia,110570.54508784538,160744.1645577764,16620.159303424618,47833.534174216125,0.43737261324801624,17915.604093821963,16463.59273071628,0.5598626279319363,7052.842529815141,19623.329038526914,0.27126317422365925,8585.013542869303,4274.890006355572,0.8585013542869303
2023-03-27,australia,136318.07666623886,203160.3043797323,23405.662632301428,63904.99522813252,0.6159384903237218,19766.028156561133,19309.176307933878,0.6176883798925354,14394.485284028384,53501.4675476434,0.553634049385707,9276.051640602489,5484.628727743871,0.927605164060249
2023-04-03,australia,129930.4088349251,202991.76788659027,26175.088610118975,72696.96652832294,0.6888181213189204,21881.599076302937,23451.677210054324,0.6837999711344668,15254.898489794543,59876.29460254009,0.5867268649920978,9749.772875448707,7946.003440620677,0.9749772875448707
2023-04-10,australia,114631.72096950866,178904.16322340778,27303.15570266496,76959.64425930039,0.7185040974385516,16620.38719283938,14768.156388461404,0.5193870997762305,12133.140149270377,40002.31790505644,0.4666592365103991,8215.759209124395,3899.3611200625182,0.8215759209124395
2023-04-17,australia,104299.95284401954,167185.2939789708,28122.3464708693,80396.89741485822,0.7400617492334026,14531.215180496893,12403.815139997416,0.4541004743905279,11007.435805413988,34561.914164818736,0.4233629155928457,9224.343678171062,5349.962738685458,0.9224343678171062
2023-04-24,australia,115305.29023706345,175254.73489733634,25690.123107864783,71004.38550342734,0.6760558712595995,17343.0226598661,15688.546503752761,0.5419694581208157,9668.563013138413,28887.094405705735,0.37186780819763127,7247.735879403593,3236.677739416954,0.7247735879403593
2023-05-01,australia,104923.54316840935,159905.12224673753,24791.279083791618,68054.28116388037,0.652402081152411,14053.839996052628,11914.562656408782,0.4391824998766446,8877.425822000569,25863.51693657275,0.34143945469232956,7259.034176483357,3242.802141699262,0.7259034176483358
2023-05-08,australia,109768.29166716267,165903.1949201655,21057.921252949032,57711.14667135994,0.5541558224460271,17146.78553400731,15432.536115334502,0.5358370479377285,9396.68717173492,27823.126620676634,0.3614110450667277,8533.509294311545,4215.782155866567,0.8533509294311545
2023-05-15,australia,108936.44678731807,164654.02483884356,20559.655432471627,56502.08723124332,0.5410435640124113,16015.462274196974,14041.7765540844,0.5004831960686554,9891.437868252488,29780.006809974206,0.38043991800971105,9251.022476604387,5417.9587566915525,0.9251022476604386
2023-05-22,australia,109185.57720621611,166066.1864882977,23112.529636823438,63079.87316170074,0.6082244641269325,15853.516242909898,13853.543962944497,0.4954223825909343,9177.158952731133,26983.400377815524,0.3529676520281205,8737.404449617112,4466.507894538982,0.8737404449617112
2023-05-29,australia,107537.59371813582,168419.51165795076,26253.660905729474,72978.53114872909,0.6908858133086704,16742.10411082165,14918.98875777673,0.5231907534631766,9117.422096706056,26757.79564926513,0.3506700806425406,8768.730826557774,4509.447014624881,0.8768730826557775
2023-06-05,australia,100729.83703315968,158876.30562730203,24340.094447592997,66654.58180380348,0.6405288012524473,17178.41112292076,15473.478142723186,0.5368253475912738,8183.650807882711,23380.989953195683,0.3147558003031812,8444.312215745871,4119.166288608671,0.8444312215745872
2023-06-12,australia,97310.32080405093,155601.874869355,27765.226018436395,78858.65501580112,0.7306638425904315,15298.964452598635,13227.41205549362,0.47809263914370737,7675.566937129965,21651.559398910616,0.2952141129665371,7551.796657139085,3411.9001364490227,0.7551796657139085
2023-06-19,australia,107544.83058314737,166510.60339637805,24503.61115568038,67156.0566669906,0.6448318725179047,17156.12904502522,15444.61957356158,0.5361290326570382,9437.91417009441,27982.729703326644,0.36299669884978497,7868.118442430684,3622.1351411352402,0.7868118442430684
2023-06-26,australia,93003.4732117885,148439.68427793757,21789.30847926715,59546.596733779705,0.5734028547175566,16647.970548325622,14802.195254619783,0.5202490796351756,9753.225906298989,29224.036514349005,0.3751240733191919,7245.7061322573245,3235.5803651674496,0.7245706132257325
2023-07-03,australia,107146.8842047891,163907.0712223412,25128.39082924512,69134.19597505912,0.6612734428748716,14640.082554353206,12517.752853188967,0.4575025798235377,9925.408161920792,29917.796322541148,0.3817464677661843,7066.305472033007,3141.8676260357292,0.7066305472033008
2023-07-10,australia,100212.80289971652,164618.3183386213,30300.417698526246,91510.88657213742,0.7973794131191118,15784.892086889908,13774.535899744405,0.4932778777153096,9810.777364157453,29454.64352453647,0.3773375909291328,8509.428289331143,4189.008230706255,0.8509428289331142
2023-07-17,australia,92351.87052888909,157794.15838596312,30160.731981114757,90687.35360916713,0.7937034731872304,18298.499434055408,17006.986042174067,0.5718281073142315,9502.429246780357,28233.721157584918,0.36547804795309063,7480.6271951235085,3368.815571543329,0.7480627195123508
2023-07-24,australia,103017.33737125658,169954.20192349906,29092.860416906253,84937.49509455576,0.7656015899185856,19170.206089071773,18328.79274271575,0.5990689402834929,10188.748186683104,31001.644243341092,0.39187493025704245,8485.04985958134,4162.434353817502,0.8485049859581341
2023-07-31,australia,94977.94565466358,156359.9378852419,25233.16237075042,69476.11444274068,0.6640305887039584,18026.295438780657,16618.52256293383,0.5633217324618955,10816.37717184233,33703.72714748995,0.41601450660932043,7306.157249204931,3268.6440993733936,0.7306157249204931
2023-08-07,australia,96990.40018254789,153021.41433905432,21341.33565602989,58413.43564452256,0.5616140962113129,15158.013736122015,13072.594329277239,0.473687929253813,11076.554564178914,34876.71517910211,0.4260213293914967,8455.110200175613,4130.500063358466,0.8455110200175614
2023-08-14,australia,90284.84968081934,148119.2823413483,22845.260930554407,62341.78697151573,0.6011910771198528,16953.01746061136,15184.27943761633,0.529781795644105,10023.032291290434,30316.325436905205,0.38550124197270896,8013.121978072763,3730.830858668949,0.8013121978072764
2023-08-21,australia,122661.35188425396,200624.78988797322,28722.3950553112,83136.95104985402,0.7558525014555579,22249.916593011607,24307.623274787227,0.6953098935316128,17180.27116858244,77935.42386991352,0.6607796603300938,9810.855186814017,8741.101984409812,0.9810855186814016
2023-08-28,australia,111812.98369862081,191396.2840200378,29577.318389796103,87434.64436082818,0.7783504839420027,22836.85255314544,25778.45240895359,0.713651642285795,17423.693056987224,80715.2934947933,0.6701420406533548,9745.436321488229,7899.452542027193,0.9745436321488228
2023-09-04,australia,102759.17887873907,186460.41819635447,32820.447619195285,110718.72886432265,0.8636959899788234,23032.625170339004,26301.541565550895,0.7197695365730938,18016.62356292868,88103.85556732028,0.6929470601126415,9831.542965152446,9091.58396710671,0.9831542965152446
2023-09-11,australia,85104.81209183495,159059.2100982719,31780.320694549184,101586.5698057153,0.8363242288039259,18759.951677348556,17691.197170373045,0.5862484899171424,14796.883397435622,56378.746163798445,0.5691108999013701,8617.24223710358,4313.2315803023075,0.861724223710358
2023-09-18,australia,76566.56789902016,146610.83355461597,32118.403120772517,104323.8626876231,0.8452211347571715,16970.12321572507,15206.018326905292,0.5303163504914085,12514.0579551321,42010.06090516488,0.4813099213512346,8441.681363966116,4116.419320887429,0.8441681363966116
2023-09-25,australia,81143.32228033067,146007.00051554095,31165.45336678682,97065.67479958199,0.8201435096522848,15832.429408963493,13829.219046627992,0.4947634190301092,10273.695740189693,31357.344118361478,0.3951421438534497,7592.099719270249,3436.92334817598,0.7592099719270249
2023-10-02,australia,85099.55238733742,149832.59406025597,32239.6347164177,105355.25878773314,0.8484114399057289,13813.442556242446,11674.279251275613,0.43167007988257644,10741.359213222047,33371.475553838,0.4131292005085403,7938.605187036365,3673.8638059688838,0.7938605187036365
2023-10-09,australia,72312.37686492082,142352.37799052245,31117.88178793792,96737.60752007937,0.8188916259983663,16663.318026928875,14821.170615402158,0.5207286883415273,14151.430771332192,51844.332149400725,0.544285798897392,8107.370539402643,3806.5673636125052,0.8107370539402643
2023-10-16,australia,74732.38596627448,140962.71694285347,29908.931042438082,89247.93545688549,0.787077132695739,16957.97572383098,15190.577169464867,0.5299367413697181,11615.808612034338,37416.1627593423,0.44676186969362836,7747.615598275604,3538.1037366206365,0.7747615598275603
2023-10-23,australia,57358.64777672676,123980.40155815179,31171.554852620964,97107.96188085574,0.8203040750689727,17570.26917903307,15991.010786537645,0.5490709118447834,10661.268039277273,33019.62121562222,0.41004877074143353,7218.66171049373,3221.041616624781,0.721866171049373
2023-10-30,australia,69700.76558398042,130165.34875727708,28843.870119307903,83717.60926709209,0.7590492136659974,15059.694225075029,12965.593414461322,0.47061544453359466,9642.69972515716,28784.703767660067,0.37087306635219847,6918.319103756569,3069.01976584677,0.6918319103756569
2023-11-06,australia,67632.46285237996,134648.65327845042,34693.23721964075,135461.81708083092,0.9129799268326514,17404.383726213797,15769.573024684618,0.5438869914441812,9121.763842935807,26774.151803915553,0.35083707088214644,5796.805637280111,2608.9462571808454,0.5796805637280111
2023-11-13,australia,64977.35411565688,137504.41679971034,33896.28473523252,123103.42460860356,0.8920074930324347,19857.135374897658,19465.224703412794,0.6205354804655518,11654.764776019692,37605.59368796352,0.4482601836930651,7118.87779790359,3168.682051567319,0.711887779790359
2023-11-20,australia,99300.83251841812,180515.61847797007,35232.19400997268,146353.0577308517,0.9271630002624389,21829.874806476302,23335.248133988818,0.6821835877023844,14451.63465602679,53899.69400113422,0.5558321021548766,9701.082487076192,7476.27022038293,0.9701082487076191
2023-11-27,australia,122021.34504437736,205065.5483826081,35995.460347611515,167947.45037885994,0.9472489565160924,22009.27716262577,23742.969704794086,0.6877899113320554,15720.218226703893,63701.76708523492,0.6046237779501498,9319.247601289571,5606.940331109603,0.9319247601289572
2023-12-04,australia,100457.23416422974,184313.01248066765,37157.4350542584,240578.66977718315,0.9778272382699579,22515.328693299307,24955.510803262732,0.7036040216656033,14887.677756329182,57052.458166526085,0.5726029906280454,9295.336812551022,5538.046014877011,0.9295336812551023
2023-12-11,australia,91507.87632527728,170440.09893187435,36787.38205275484,207142.9416252115,0.9680890013882851,20897.53441456564,21378.613457247317,0.6530479504551763,11885.0408885372,38742.72199150635,0.45711695725143076,9362.265250739392,5739.080689588677,0.9362265250739392
2023-12-18,australia,91280.13473286887,161131.22018199728,35861.939167864555,163427.6996287081,0.9437352412595936,16530.82580637751,14658.203240997194,0.5165883064492972,9262.855425458463,27309.191871336232,0.35626367020994093,8195.465049427905,3881.487088058806,0.8195465049427906
2023-12-25,australia,87419.11044145619,171848.25765010156,36873.82194111686,213562.31498652225,0.970363735292549,21651.267272088695,22939.99010557797,0.6766021022527717,16242.002502669298,68363.08339971243,0.6246924039488192,9662.055492770516,7166.98930008999,0.9662055492770516
